id,Name,Age group=0-15: % by age,Age group=16-24: % by age,Age group=25-34: % by age,Age group=35-49: % by age,Age group=50-64: % by age,Age group=65++: % by age,Ethnic group=White: % by ethnic group,Ethnic group=Asian; Asian British or Asian Welsh: % by ethnic group,Ethnic group=Black; Black British; Black Welsh; Caribbean or African: % by ethnic group,Ethnic group=Mixed or Multiple ethnic groups: % by ethnic group,Ethnic group=Other ethnic group: % by ethnic group,level=No qualifications: % by qualification level,level=level 1: % by qualification level,level=level 2: % by qualification level,level=level 3: % by qualification level,level=level 4: % by qualification level,level=other: % by qualification level,level=Does not apply: % by qualification level,status=active + employed: % by economic activity,status=active + unemployed: % by economic activity,status=student active + employed: % by economic activity,status=student active + unemployed: % by economic activity,status=student inactive: % by economic activity,status=not student inactive: % by economic activity,status=Does not apply: % by economic activity,% not deprived,% deprived in one dimension,% deprived in two dimensions,% deprived in three dimensions,% deprived in four dimensions,All: % 1-29 min exercise per week,All: % 30-149 min exercise per week,All: % 150+ min exercise per week,Female: % 1-29 min exercise per week,Female: % 30-149 min exercise per week,Female: % 150+ min exercise per week,Male: % 1-29 min exercise per week,Male: % 30-149 min exercise per week,Male: % 150+ min exercise per week,All: % not club members,All: % club members,Female: % not club members,Female: % club members,Male: % not club members,Male: % club members
E06000001,Hartlepool,19.1,9.9,12.3,17.3,21.7,19.7,96.5,1.7,0.5,0.7,0.6,18.7,7.7,11.9,14.9,20.1,7.6,19.1,39.9,2.9,1.0,0.4,3.8,33.0,19.1,42.2,33.6,18.5,5.6,0.2,28.53,18.80,52.67,29.57,20.16,50.27,27.23,17.61,55.17,75.10,24.90,77.35,22.65,70.50,29.50
E06000002,Middlesbrough,20.8,11.8,14.3,17.6,18.6,16.8,82.4,10.5,2.7,2.1,2.4,19.0,7.8,10.6,13.9,20.9,7.0,20.8,37.4,3.0,1.8,1.0,5.5,30.4,20.8,42.2,33.8,17.9,5.8,0.2,27.22,20.00,52.78,26.09,24.10,49.81,28.34,15.32,56.34,72.65,27.35,66.93,33.07,79.19,20.81
E06000003,Redcar and Cleveland,17.7,8.9,11.3,16.7,22.1,23.3,97.7,0.8,0.2,0.9,0.4,18.1,8.0,11.5,15.6,20.5,8.5,17.7,39.8,2.6,1.0,0.4,3.3,35.4,17.7,44.1,34.2,16.7,4.8,0.2,21.05,15.46,63.49,20.88,21.27,57.84,20.55,9.96,69.49,74.61,25.39,73.49,26.51,75.68,24.32
E06000004,Stockton-on-Tees,19.6,9.1,12.7,18.9,20.7,18.9,92.0,4.6,1.1,1.4,0.8,15.0,7.8,11.7,14.8,23.7,7.4,19.6,42.8,2.6,1.2,0.4,3.5,29.9,19.6,48.4,32.5,15.1,4.0,0.2,19.69,19.13,61.18,19.11,18.10,62.79,20.00,20.18,59.82,72.62,27.38,69.61,30.39,76.03,23.97
E06000005,Darlington,18.3,9.2,12.4,18.7,21.0,20.4,94.4,2.8,0.7,1.4,0.9,15.7,7.7,11.8,15.0,23.7,7.9,18.3,44.6,2.5,1.1,0.3,3.0,30.2,18.3,48.6,33.5,14.2,3.6,0.2,21.26,16.67,62.07,22.56,19.66,57.78,19.60,13.29,67.12,76.93,23.07,81.81,18.19,70.56,29.44
E06000006,Halton,19.1,9.5,12.8,19.4,20.6,18.6,96.5,1.1,0.4,1.4,0.6,17.0,9.6,13.5,14.8,19.4,6.5,19.1,44.6,2.2,1.1,0.4,3.1,29.6,19.1,43.2,33.5,17.6,5.5,0.2,23.99,18.46,57.56,24.62,19.27,56.11,23.26,17.66,59.08,76.73,23.27,81.02,18.98,71.07,28.93
E06000007,Warrington,18.1,9.1,12.5,20.0,21.2,19.0,93.5,3.3,0.7,1.6,0.9,13.5,8.2,12.1,14.1,27.0,7.0,18.1,47.7,1.9,1.2,0.4,3.0,27.7,18.1,51.9,32.1,12.8,3.1,0.1,19.24,16.03,64.73,18.14,20.20,61.66,19.80,11.61,68.59,66.68,33.32,72.04,27.96,62.56,37.44
E06000008,Blackburn with Darwen,22.8,11.7,13.4,19.8,17.9,14.5,60.4,35.7,0.9,1.7,1.4,18.7,8.4,10.7,12.2,20.7,6.6,22.8,39.8,2.5,1.3,0.5,5.0,28.2,22.8,41.2,34.0,18.2,6.3,0.3,29.49,18.52,51.99,28.37,19.80,51.82,30.74,17.11,52.15,74.48,25.52,78.07,21.93,70.17,29.83
E06000009,Blackpool,17.5,9.4,12.8,17.6,21.9,20.7,94.7,2.6,0.5,1.6,0.6,20.3,9.7,12.4,13.7,18.6,7.8,17.5,40.8,3.1,1.3,0.4,2.9,33.9,17.5,38.2,35.1,19.7,6.5,0.5,24.38,18.49,57.14,23.78,18.78,57.45,24.30,18.56,57.14,80.41,19.59,79.34,20.66,81.37,18.63
E06000010,Kingston upon Hull,19.9,11.9,15.4,19.0,18.5,15.3,91.8,2.8,1.9,1.7,1.8,20.2,9.0,11.3,14.0,17.4,8.1,19.9,42.7,3.3,1.4,0.6,4.8,27.3,19.9,41.2,34.1,18.9,5.6,0.3,25.13,17.07,57.80,25.05,16.75,58.20,24.30,17.81,57.89,77.82,22.18,83.54,16.46,71.82,28.18
E06000011,East Riding of Yorkshire,15.8,8.1,10.2,16.8,22.7,26.4,97.4,1.1,0.3,0.9,0.4,15.3,8.5,11.9,14.5,25.7,8.4,15.8,44.6,1.7,1.0,0.3,2.7,33.9,15.8,51.1,34.0,12.4,2.3,0.1,18.24,18.24,63.52,17.30,19.18,63.52,19.25,17.23,63.52,68.88,31.12,72.42,27.58,65.31,34.69
E06000012,North East Lincolnshire,18.8,9.2,12.6,17.4,21.1,20.9,96.2,1.6,0.5,1.0,0.7,19.7,9.9,13.1,13.3,17.5,7.7,18.8,42.8,2.3,1.1,0.4,2.9,31.8,18.8,44.0,34.6,16.6,4.6,0.2,24.42,16.50,59.08,24.43,17.08,58.49,24.20,15.84,59.96,78.83,21.17,83.98,16.02,73.15,26.85
E06000013,North Lincolnshire,17.8,8.9,12.0,17.6,21.8,22.0,94.3,3.3,0.5,1.1,0.8,18.0,9.6,12.4,14.1,19.7,8.4,17.8,43.8,2.1,1.1,0.4,2.8,32.0,17.8,46.1,35.0,15.2,3.5,0.1,21.01,24.96,54.03,23.28,22.81,53.91,18.11,27.43,54.46,73.62,26.38,77.57,22.43,68.78,31.22
E06000014,York,15.2,16.6,12.7,17.9,18.5,19.1,92.8,3.8,0.7,1.8,1.0,11.3,6.3,9.6,18.4,32.9,6.2,15.2,44.5,1.5,2.9,1.0,9.5,25.5,15.2,53.9,32.7,11.1,2.2,0.1,15.92,12.30,71.78,18.23,14.26,67.51,13.34,10.27,76.38,63.42,36.58,67.00,33.00,58.72,41.28
E06000015,Derby,20.0,12.2,14.1,19.6,17.9,16.4,73.8,15.6,4.0,3.7,2.9,16.1,8.3,10.6,13.9,23.8,7.4,20.0,42.6,2.5,1.9,0.6,4.9,27.5,20.0,45.6,33.8,15.7,4.6,0.3,23.26,14.85,61.89,22.68,16.97,60.35,24.18,11.83,63.99,72.32,27.68,76.81,23.19,66.79,33.21
E06000016,Leicester,21.0,16.2,14.9,20.2,15.9,11.8,40.9,43.4,7.8,3.8,4.1,21.1,8.5,9.2,12.7,21.1,6.4,21.0,39.8,2.8,2.3,1.2,8.6,24.3,21.0,38.8,35.8,18.9,6.0,0.5,24.92,19.89,55.20,22.72,24.44,52.83,26.85,15.91,57.24,72.78,27.22,79.82,20.18,66.91,33.09
E06000017,Rutland,16.4,9.8,10.5,17.1,20.9,25.3,94.8,1.5,1.3,1.8,0.5,10.9,7.2,12.9,14.2,31.7,6.7,16.4,44.9,1.4,0.9,0.2,4.0,32.2,16.4,58.0,31.7,9.2,1.2,0.0,15.92,15.68,68.40,17.78,16.42,65.81,13.86,14.86,71.28,67.14,32.86,69.90,30.10,65.04,34.96
E06000018,Nottingham,18.3,22.2,15.0,17.7,15.1,11.7,65.9,14.9,10.0,5.9,3.3,15.9,7.1,9.2,20.5,23.4,5.5,18.3,36.9,2.8,2.9,1.6,14.6,22.9,18.3,41.6,34.4,18.1,5.6,0.3,21.15,17.36,61.48,23.01,19.31,57.68,19.12,15.34,65.54,64.74,35.26,66.66,33.34,63.31,36.69
E06000019,Herefordshire,16.0,8.2,10.8,16.7,22.4,25.9,96.9,1.2,0.3,1.1,0.5,15.1,8.0,11.9,14.2,27.5,7.3,16.0,46.4,1.7,0.9,0.2,2.7,32.1,16.0,49.4,34.6,13.0,2.8,0.2,16.14,15.35,68.51,16.67,15.55,67.78,15.12,15.18,69.70,71.11,28.89,70.82,29.18,71.32,28.68
E06000020,Telford and Wrekin,19.9,10.5,13.2,19.1,19.7,17.6,88.2,5.4,2.9,2.6,0.9,16.0,9.0,12.5,15.0,20.9,6.7,19.9,45.0,2.2,1.1,0.4,3.8,27.6,19.9,46.0,33.9,15.9,4.1,0.2,21.93,19.04,59.02,22.61,22.24,55.15,21.26,15.47,63.26,73.08,26.92,74.54,25.46,71.29,28.71
E06000021,Stoke-on-Trent,20.3,11.2,14.0,18.8,18.5,17.1,83.5,9.9,2.7,2.3,1.7,20.7,8.7,11.8,13.4,17.4,7.7,20.3,42.1,2.3,1.5,0.6,4.4,28.9,20.3,41.1,34.9,18.2,5.5,0.2,28.72,19.89,51.39,31.99,18.65,49.36,25.02,21.23,53.74,69.85,30.15,81.01,18.99,60.86,39.14
E06000022,Bath and North East Somerset,16.4,16.2,12.0,17.3,18.8,19.4,92.2,3.3,1.0,2.7,0.8,10.2,6.2,9.9,18.3,33.2,5.8,16.4,44.2,1.6,2.2,0.8,9.5,25.3,16.4,54.1,32.2,11.3,2.3,0.1,15.17,14.27,70.55,15.39,16.21,68.40,14.70,11.57,73.73,59.53,40.47,65.33,34.67,56.61,43.39
E06000023,Bristol,17.5,15.4,18.7,20.3,15.2,12.9,81.1,6.6,5.9,4.5,1.9,12.0,6.2,8.8,15.7,34.7,5.0,17.5,48.2,2.1,2.3,0.9,8.1,20.9,17.5,50.2,31.8,13.8,3.9,0.3,14.29,13.85,71.86,15.93,14.78,69.28,12.56,13.03,74.41,59.21,40.79,61.25,38.75,56.78,43.22
E06000024,North Somerset,17.6,8.4,10.7,18.7,20.7,23.9,95.7,1.5,0.5,1.7,0.6,12.3,7.9,12.2,14.9,27.9,7.1,17.6,46.2,1.5,1.2,0.3,2.8,30.3,17.6,51.5,33.5,12.1,2.7,0.2,15.86,16.64,67.50,16.52,17.05,66.43,15.15,16.05,68.80,73.05,26.95,78.98,21.02,68.04,31.96
E06000025,South Gloucestershire,18.3,10.7,13.7,19.2,19.4,18.7,91.2,3.8,1.6,2.5,0.9,11.6,8.3,11.7,16.0,26.9,7.2,18.3,49.4,1.5,1.5,0.5,3.9,25.0,18.3,53.9,32.7,11.1,2.1,0.1,17.26,18.66,64.08,18.49,19.27,62.24,15.34,18.29,66.37,65.04,34.96,61.82,38.18,68.38,31.62
E06000026,Plymouth,17.4,13.0,13.7,18.4,19.0,18.5,94.0,2.2,1.1,1.8,1.0,14.3,8.1,11.6,17.9,22.7,8.0,17.4,43.8,2.0,1.9,0.7,5.9,28.3,17.4,45.5,34.0,15.9,4.4,0.2,18.68,17.80,63.51,22.04,18.05,59.91,14.67,17.59,67.74,72.31,27.69,70.66,29.34,74.33,25.67
E06000027,Torbay,16.0,8.3,10.6,16.3,22.1,26.7,96.1,1.6,0.3,1.5,0.4,16.6,9.8,13.0,14.5,21.3,8.8,16.0,41.4,2.2,0.9,0.3,2.8,36.5,16.0,42.1,35.9,16.9,4.7,0.4,19.10,14.75,66.14,19.05,18.63,62.32,18.66,10.70,70.65,74.90,25.10,77.47,22.53,71.83,28.17
E06000030,Swindon,19.8,9.3,14.0,21.4,19.7,15.9,81.5,11.6,2.6,2.8,1.5,13.9,10.4,13.0,13.1,22.4,7.4,19.8,49.5,2.2,1.0,0.4,2.9,24.2,19.8,49.3,33.8,13.4,3.3,0.2,18.31,15.73,65.96,19.25,17.37,63.38,17.45,14.39,68.17,69.02,30.98,70.24,29.76,67.92,32.08
E06000031,Peterborough,22.3,10.0,15.1,21.5,16.9,14.2,75.4,14.3,4.1,3.5,2.7,17.4,9.6,11.2,11.9,20.4,7.2,22.3,45.7,2.5,1.1,0.4,3.4,24.6,22.3,45.0,34.9,15.5,4.2,0.3,27.11,16.22,56.67,25.68,19.52,54.80,28.71,12.98,58.30,67.20,32.80,77.50,22.50,60.01,39.99
E06000032,Luton,23.3,12.2,15.3,21.4,16.1,11.7,45.2,37.0,10.1,4.3,3.5,17.5,8.7,9.7,11.0,22.9,6.8,23.3,41.5,3.3,2.3,0.8,5.2,23.6,23.3,41.3,36.4,17.1,4.7,0.4,30.23,17.77,52.00,31.46,19.73,48.81,29.23,16.42,54.34,73.38,26.62,80.36,19.64,66.17,33.83
E06000033,Southend-on-Sea,19.0,9.2,12.8,20.3,19.6,19.1,87.5,5.5,2.9,3.1,1.1,16.0,9.7,12.8,14.0,22.0,6.5,19.0,45.1,2.6,1.0,0.3,3.2,28.8,19.0,45.6,34.5,15.3,4.2,0.4,21.62,15.16,63.22,19.52,18.36,62.12,23.96,11.55,64.49,72.67,27.33,77.75,22.25,67.61,32.39
E06000034,Thurrock,22.5,10.0,14.7,21.6,17.6,13.6,76.7,6.9,11.9,3.0,1.5,16.7,9.5,12.1,12.6,20.3,6.3,22.5,47.4,2.5,1.5,0.4,3.5,22.2,22.5,45.7,34.9,15.4,3.8,0.3,27.84,22.00,50.16,28.98,19.25,51.77,26.69,25.27,48.04,76.74,23.26,77.06,22.94,76.04,23.96
E06000035,Medway,20.4,10.3,13.8,19.9,19.2,16.5,84.3,5.9,5.6,2.8,1.4,15.4,9.6,12.7,14.3,20.4,7.2,20.4,46.3,2.4,1.1,0.4,3.7,25.7,20.4,46.5,34.5,14.8,3.9,0.4,20.99,20.93,58.08,21.76,21.82,56.41,19.82,20.28,59.89,70.92,29.08,76.52,23.48,64.72,35.28
E06000036,Bracknell Forest,19.8,9.5,14.1,22.0,19.5,15.1,86.1,7.1,2.4,3.1,1.3,10.6,8.5,12.0,14.3,28.6,6.3,19.8,52.3,2.1,1.0,0.3,3.1,21.4,19.8,56.4,31.1,10.2,2.1,0.2,13.92,17.22,68.86,16.88,17.32,65.80,10.35,17.13,72.52,61.28,38.72,63.41,36.59,59.02,40.98
E06000037,West Berkshire,19.0,8.9,11.3,19.9,21.3,19.5,91.9,3.7,1.3,2.4,0.7,11.4,8.0,11.7,13.7,30.0,6.1,19.0,50.0,1.7,1.0,0.3,3.0,25.1,19.0,56.0,31.6,10.2,2.0,0.1,13.77,18.19,68.04,16.33,20.72,62.96,11.33,15.79,72.88,64.23,35.77,70.52,29.48,57.79,42.21
E06000038,Reading,18.9,13.7,17.3,22.2,15.9,12.0,67.1,17.7,7.2,5.1,2.9,12.8,7.4,8.6,13.6,32.8,5.8,18.9,49.0,2.6,2.0,0.7,6.7,20.1,18.9,51.2,32.2,12.8,3.5,0.3,14.71,15.15,70.14,15.78,15.79,68.43,13.49,14.53,71.98,66.16,33.84,62.29,37.71,69.74,30.26
E06000039,Slough,25.0,10.5,14.8,24.8,15.3,9.7,36.0,46.7,7.6,4.0,5.7,15.1,8.1,9.0,10.2,26.1,6.5,25.0,45.1,3.3,1.4,0.5,4.6,20.1,25.0,42.3,36.6,16.4,4.4,0.3,28.49,17.38,54.13,30.19,19.15,50.65,26.49,15.85,57.66,69.08,30.92,76.98,23.02,62.04,37.96
E06000040,Windsor and Maidenhead,19.4,8.9,11.3,21.5,20.4,18.5,79.8,13.1,1.5,3.4,2.1,10.1,6.6,10.4,11.9,36.2,5.3,19.4,48.8,2.2,0.9,0.3,3.9,24.5,19.4,59.0,29.8,9.4,1.8,0.1,16.27,15.64,68.09,15.61,15.95,68.45,16.97,15.38,67.65,62.43,37.57,61.64,38.36,62.94,37.06
E06000041,Wokingham,20.7,9.1,11.3,22.3,19.3,17.2,79.9,12.9,2.4,3.1,1.6,8.3,6.4,10.0,13.0,36.6,5.0,20.7,49.3,1.7,1.1,0.4,3.8,23.0,20.7,61.5,29.2,8.0,1.3,0.1,12.02,16.77,71.21,13.54,16.24,70.22,10.76,17.36,71.88,57.11,42.89,60.16,39.84,54.41,45.59
E06000042,Milton Keynes,21.7,9.7,14.3,22.9,17.7,13.8,71.8,12.4,9.7,4.1,2.0,12.4,8.5,11.2,12.3,28.1,5.9,21.7,48.4,2.5,1.6,0.4,3.6,21.9,21.7,51.3,32.5,12.8,3.2,0.2,18.68,15.99,65.33,16.77,17.79,65.44,20.80,13.95,65.25,59.32,40.68,55.85,44.15,62.60,37.40
E06000043,Brighton and Hove,15.1,15.5,15.0,21.3,19.1,14.1,85.4,4.8,2.0,4.8,3.1,10.5,6.0,9.0,16.7,37.8,4.8,15.1,47.8,2.7,2.5,1.3,8.4,22.4,15.1,47.9,33.0,14.4,4.3,0.5,14.34,13.45,72.21,15.19,15.06,69.75,13.33,11.64,75.03,70.25,29.75,68.46,31.54,72.31,27.69
E06000044,Portsmouth,17.9,15.6,15.1,19.0,17.6,14.8,85.2,6.9,3.4,2.6,1.8,14.3,7.9,10.8,17.9,24.6,6.6,17.9,44.5,2.4,2.5,1.2,7.6,23.8,17.9,47.2,33.4,15.0,4.1,0.3,14.25,18.35,67.41,14.90,19.88,65.23,13.33,16.71,69.96,70.02,29.98,70.69,29.31,69.37,30.63
E06000045,Southampton,17.9,16.2,16.4,19.8,15.9,13.8,80.7,10.6,3.0,3.3,2.3,14.2,7.8,10.3,16.9,26.0,6.9,17.9,45.1,2.4,2.4,0.9,8.7,22.5,17.9,45.4,34.3,15.5,4.5,0.4,19.83,18.44,61.73,19.25,21.72,59.03,19.72,15.65,64.63,66.26,33.74,75.25,24.75,56.25,43.75
E06000046,Isle of Wight,14.9,7.8,9.9,15.5,22.7,29.2,97.0,1.2,0.3,1.2,0.3,15.7,9.5,12.5,15.3,23.3,8.9,14.9,40.5,2.2,0.8,0.2,2.6,38.8,14.9,44.1,36.2,15.5,3.8,0.3,17.47,15.17,67.36,17.54,17.58,64.88,17.01,11.60,71.38,72.66,27.34,76.08,23.92,68.46,31.54
E06000047,County Durham,16.9,11.3,11.5,17.5,21.6,21.3,96.8,1.5,0.3,0.9,0.4,17.4,7.9,11.8,16.6,22.2,7.2,16.9,41.4,2.1,1.2,0.4,5.4,32.6,16.9,44.5,33.7,17.0,4.7,0.1,22.51,15.33,62.16,22.82,18.56,58.62,22.30,12.25,65.45,72.30,27.70,76.89,23.11,67.88,32.12
E06000049,Cheshire East,17.4,8.3,11.6,18.8,21.7,22.4,94.4,2.4,0.6,1.8,0.8,12.4,7.2,11.3,13.9,31.0,6.8,17.4,47.2,1.7,1.0,0.2,2.9,29.5,17.4,54.8,31.6,11.2,2.3,0.1,15.19,14.64,70.17,16.74,13.91,69.35,13.17,15.41,71.43,59.10,40.90,62.25,37.75,56.10,43.90
E06000050,Cheshire West and Chester,17.3,9.6,12.2,18.5,21.1,21.2,95.3,2.0,0.6,1.5,0.6,13.1,7.7,11.3,14.7,29.5,6.4,17.3,46.0,1.9,1.3,0.4,3.7,29.4,17.3,52.0,32.1,12.6,3.0,0.2,15.16,15.05,69.80,16.22,16.63,67.15,14.44,13.62,71.94,71.74,28.26,73.43,26.57,69.33,30.67
E06000051,Shropshire,15.9,8.8,10.8,16.7,22.5,25.4,96.7,1.3,0.3,1.2,0.4,14.1,8.1,12.6,14.7,27.3,7.3,15.9,46.1,1.8,1.0,0.2,3.0,32.0,15.9,50.8,34.0,12.4,2.6,0.1,19.19,14.86,65.95,19.59,14.91,65.50,18.10,14.72,67.17,71.23,28.77,71.89,28.11,70.23,29.77
E06000052,Cornwall,16.3,9.1,10.5,17.0,21.8,25.3,96.8,0.7,0.2,1.2,1.1,13.7,8.4,12.7,15.8,25.6,7.6,16.3,43.5,1.8,1.1,0.4,3.5,33.4,16.3,46.1,35.5,14.6,3.5,0.3,13.78,15.78,70.44,12.94,15.76,71.29,14.31,15.36,70.32,75.93,24.07,75.78,24.22,76.14,23.86
E06000053,Isles of Scilly,15.8,5.3,10.5,18.4,21.9,28.2,97.5,0.3,0.2,1.1,0.9,10.4,5.8,13.2,16.6,31.9,6.3,15.8,53.7,0.7,0.5,0.0,1.0,28.3,15.8,50.7,35.8,11.3,2.2,0.0,,,,,,,,,,,,,,,
E06000054,Wiltshire,17.9,9.0,11.7,18.3,21.3,21.9,94.3,2.1,1.1,1.7,0.7,11.8,8.4,12.3,15.0,28.1,6.6,17.9,48.5,1.6,1.0,0.3,2.7,28.0,17.9,53.4,33.0,11.3,2.3,0.1,13.86,14.15,71.98,14.56,15.65,69.79,12.81,12.73,74.45,63.52,36.48,67.36,32.64,59.37,40.63
E06000055,Bedford,20.0,9.8,13.7,20.8,18.9,16.7,75.7,12.6,5.3,4.6,1.8,13.4,8.3,10.8,12.9,27.8,6.8,20.0,47.7,2.3,1.3,0.4,3.4,24.8,20.0,51.6,32.7,12.4,3.0,0.3,16.61,16.51,66.88,17.26,18.30,64.44,15.33,14.39,70.28,64.87,35.13,71.19,28.81,57.85,42.15
E06000056,Central Bedfordshire,19.5,8.7,13.3,20.3,20.2,18.0,90.2,3.5,2.4,3.0,0.8,12.1,8.4,11.9,14.6,26.7,6.7,19.5,50.2,1.7,1.1,0.4,2.8,24.2,19.5,54.8,32.2,10.7,2.2,0.1,17.76,14.74,67.50,17.32,16.60,66.08,18.02,12.91,69.07,63.49,36.51,65.13,34.87,61.76,38.24
E06000057,Northumberland,16.1,8.2,10.3,17.0,23.0,25.4,97.6,1.1,0.2,0.8,0.3,15.0,8.1,12.1,14.9,25.8,7.9,16.1,43.1,2.2,0.8,0.2,2.6,34.9,16.1,48.5,34.0,14.0,3.4,0.1,17.68,17.97,64.35,17.71,21.72,60.57,17.67,13.44,68.89,71.70,28.30,75.24,24.76,68.12,31.88
E06000058,Bournemouth; Christchurch and Poole,16.3,11.3,12.5,19.1,19.2,21.6,91.3,3.4,1.1,2.8,1.5,13.3,8.3,11.8,15.9,26.8,7.5,16.3,44.8,2.1,1.6,0.7,5.1,29.3,16.3,48.3,34.0,13.9,3.4,0.3,17.68,16.41,65.91,18.73,20.60,60.67,16.47,11.64,71.88,66.29,33.71,64.90,35.10,67.47,32.53
E06000059,Dorset,15.2,8.0,9.2,15.5,22.5,29.6,97.1,1.1,0.3,1.2,0.4,13.4,8.8,12.7,15.0,26.7,8.2,15.2,43.3,1.6,0.9,0.3,2.6,36.2,15.2,49.9,35.0,12.5,2.4,0.2,14.73,16.54,68.73,12.92,17.91,69.17,16.15,15.26,68.59,73.88,26.12,76.89,23.11,70.42,29.58
E06000060,Buckinghamshire,19.8,9.0,11.6,20.4,20.4,18.8,79.9,12.4,2.6,3.5,1.6,11.0,7.1,10.8,12.6,32.9,5.8,19.8,48.4,1.9,1.0,0.3,3.5,25.0,19.8,57.2,31.0,9.8,1.9,0.1,11.72,16.89,71.38,12.44,18.99,68.57,10.97,14.79,74.24,65.03,34.97,67.57,32.43,62.50,37.50
E06000061,North Northamptonshire,19.6,9.2,13.1,19.9,20.0,18.2,90.3,3.5,3.1,2.3,0.8,16.0,9.6,12.4,13.4,21.5,7.5,19.6,48.6,1.8,1.2,0.4,2.8,25.8,19.6,48.8,34.0,13.7,3.3,0.2,21.07,19.12,59.81,21.67,20.48,57.86,19.85,17.94,62.21,74.63,25.37,74.83,25.17,74.22,25.78
E06000062,West Northamptonshire,19.3,10.1,13.7,20.4,19.4,17.1,85.9,5.3,4.9,2.8,1.1,14.0,8.8,11.6,13.6,25.6,7.0,19.3,49.1,1.9,1.6,0.5,3.5,24.1,19.3,51.8,33.2,12.1,2.7,0.2,19.97,18.53,61.49,18.07,19.81,62.11,21.53,17.30,61.17,67.82,32.18,70.39,29.61,65.21,34.79
E07000008,Cambridge,14.4,21.0,20.5,19.0,13.8,11.4,74.5,14.8,2.4,5.1,3.1,8.2,4.1,5.9,15.6,47.8,4.0,14.4,44.9,1.7,3.6,0.8,17.6,17.1,14.4,56.5,30.2,10.5,2.6,0.2,10.10,10.47,79.43,12.47,9.49,78.04,7.50,10.69,81.81,58.78,41.22,62.63,37.37,56.23,43.77
E07000009,East Cambridgeshire,18.6,8.1,11.6,20.5,20.5,20.8,94.5,1.9,0.8,2.1,0.7,13.5,8.0,11.0,13.4,28.5,7.1,18.6,50.1,1.5,0.9,0.2,2.7,26.0,18.6,53.4,33.3,11.1,2.1,0.1,14.63,16.97,68.41,14.88,16.39,68.73,14.22,17.63,68.15,70.68,29.32,74.53,25.47,66.91,33.09
E07000010,Fenland,17.2,8.8,12.4,17.7,21.0,22.8,95.9,1.2,0.8,1.4,0.7,21.4,10.7,13.0,13.5,15.8,8.4,17.2,45.2,2.0,0.8,0.2,2.4,32.2,17.2,41.7,37.4,16.9,3.9,0.2,22.83,22.33,54.84,21.57,22.59,55.84,24.38,22.24,53.39,79.75,20.25,86.24,13.76,71.14,28.86
E07000011,Huntingdonshire,18.0,8.5,12.6,19.8,20.8,20.2,92.4,3.2,1.5,2.2,0.7,12.8,8.7,11.9,14.4,27.4,6.7,18.0,49.5,1.6,1.0,0.3,2.5,27.1,18.0,53.6,32.9,11.2,2.2,0.1,13.68,20.33,65.99,12.70,20.47,66.83,14.59,19.33,66.08,65.42,34.58,70.23,29.77,60.45,39.55
E07000012,South Cambridgeshire,19.6,8.0,11.4,21.5,19.9,19.6,89.0,5.8,1.2,2.8,1.1,9.5,6.2,9.4,11.4,38.5,5.4,19.6,49.8,1.5,1.0,0.3,3.4,24.6,19.6,58.4,30.9,9.1,1.6,0.1,11.95,16.79,71.26,14.05,16.89,69.06,9.76,16.92,73.32,55.07,44.93,55.06,44.94,55.09,44.91
E07000026,Allerdale,16.3,8.3,10.7,16.7,23.2,24.8,98.5,0.6,0.1,0.7,0.2,17.3,8.3,11.6,14.4,23.8,8.4,16.3,45.2,1.7,0.8,0.2,2.4,33.5,16.3,,,,,,14.76,13.02,72.21,16.54,12.48,70.98,12.19,12.90,74.91,69.69,30.31,77.59,22.41,61.73,38.27
E07000027,Barrow-in-Furness,17.2,9.5,13.1,17.1,21.5,21.6,97.0,1.4,0.4,0.8,0.4,15.3,8.2,10.9,17.0,20.5,10.9,17.2,45.3,1.9,0.9,0.3,2.2,32.2,17.2,,,,,,22.10,16.32,61.58,23.13,19.24,57.63,21.03,12.82,66.15,76.55,23.45,79.92,20.08,72.24,27.76
E07000028,Carlisle,17.0,9.3,12.5,18.0,21.6,21.7,96.8,1.5,0.3,0.9,0.5,16.5,8.8,12.1,14.5,23.2,8.0,17.0,47.0,1.7,1.2,0.4,2.9,29.9,17.0,,,,,,18.69,16.22,65.09,17.18,15.85,66.97,20.50,16.77,62.73,72.92,27.08,74.46,25.54,70.72,29.28
E07000029,Copeland,16.5,8.5,11.5,16.9,23.5,23.2,98.0,0.8,0.3,0.7,0.3,17.7,8.4,11.6,15.3,21.7,8.8,16.5,44.8,1.8,0.7,0.2,2.3,33.6,16.5,,,,,,18.03,15.18,66.79,19.01,17.94,63.05,16.70,12.45,70.84,75.31,24.69,79.35,20.65,71.46,28.54
E07000030,Eden,14.8,7.9,9.8,16.4,24.8,26.3,98.1,0.8,0.2,0.7,0.3,14.8,8.5,12.2,14.3,27.7,7.7,14.8,48.9,1.4,1.0,0.1,2.3,31.5,14.8,,,,,,13.11,11.82,75.07,12.31,13.26,74.43,13.65,9.92,76.43,67.89,32.11,67.61,32.39,68.14,31.86
E07000031,South Lakeland,14.1,8.0,9.8,16.4,23.7,28.1,97.7,0.8,0.2,1.0,0.3,11.9,7.1,11.1,14.7,33.1,8.1,14.1,46.9,1.2,1.1,0.2,2.6,33.8,14.1,,,,,,15.16,13.49,71.36,17.34,12.68,69.98,12.22,14.74,73.04,65.38,34.62,65.47,34.53,65.27,34.73
E07000032,Amber Valley,16.8,8.5,11.7,18.1,22.4,22.6,97.3,1.0,0.3,1.2,0.2,16.4,8.7,11.9,14.8,24.0,7.5,16.8,46.8,1.7,0.9,0.2,2.5,31.1,16.8,48.9,33.6,14.0,3.4,0.1,15.53,16.59,67.88,14.60,15.63,69.76,16.68,18.06,65.26,67.10,32.90,76.60,23.40,58.66,41.34
E07000033,Bolsover,17.4,8.9,13.3,18.1,22.1,20.2,97.3,0.9,0.5,0.9,0.3,20.0,9.6,12.5,14.7,17.9,7.9,17.4,46.5,1.7,1.0,0.3,2.4,30.8,17.4,42.7,34.5,17.9,4.7,0.1,26.58,18.08,55.34,27.12,18.55,54.33,25.95,17.59,56.46,71.96,28.04,77.45,22.55,65.00,35.00
E07000034,Chesterfield,17.0,8.8,12.6,18.2,21.8,21.6,95.5,1.9,0.8,1.4,0.4,16.8,9.1,12.6,14.9,22.3,7.4,17.0,45.0,1.9,0.9,0.3,2.6,32.3,17.0,44.7,34.2,16.4,4.5,0.2,16.34,15.71,67.94,17.07,17.54,65.39,14.70,14.07,71.23,69.49,30.51,70.85,29.15,68.79,31.21
E07000035,Derbyshire Dales,14.6,7.7,8.6,16.1,25.0,28.0,97.8,0.7,0.2,1.0,0.3,13.4,7.4,11.4,13.4,33.5,6.3,14.6,45.6,1.4,0.9,0.2,2.7,34.6,14.6,52.9,33.3,11.7,1.9,0.1,14.24,11.08,74.68,16.07,10.99,72.94,12.06,11.10,76.84,67.88,32.12,69.55,30.45,65.14,34.86
E07000036,Erewash,17.2,9.1,12.9,18.5,21.5,20.8,95.4,1.6,0.8,1.8,0.4,16.4,9.2,12.4,15.1,21.4,8.2,17.2,47.7,2.0,1.0,0.3,2.6,29.4,17.2,48.0,33.9,14.2,3.7,0.2,19.25,20.47,60.28,18.20,21.98,59.82,20.17,19.06,60.77,64.43,35.57,72.10,27.90,56.65,43.35
E07000037,High Peak,16.8,8.4,11.2,18.0,23.7,21.8,97.5,0.8,0.2,1.3,0.2,12.4,7.8,11.4,15.1,29.6,6.8,16.8,48.1,1.8,1.0,0.2,2.9,29.2,16.8,52.1,32.8,12.3,2.8,0.1,14.67,12.43,72.91,16.48,12.70,70.81,12.37,11.33,76.30,66.25,33.75,63.90,36.10,68.96,31.04
E07000038,North East Derbyshire,16.4,8.2,11.1,17.2,22.3,24.8,97.4,0.9,0.3,1.1,0.2,16.7,8.9,12.1,15.0,23.0,7.8,16.4,44.8,1.6,0.9,0.3,2.5,33.6,16.4,47.0,34.3,15.0,3.5,0.1,19.25,18.31,62.44,18.40,19.25,62.35,19.53,17.51,62.96,69.77,30.23,75.52,24.48,62.64,37.36
E07000039,South Derbyshire,18.9,8.9,13.1,19.5,21.0,18.6,93.1,3.6,0.8,1.8,0.7,13.0,8.0,12.0,15.3,25.8,7.1,18.9,49.2,1.6,1.1,0.3,2.7,26.2,18.9,54.3,31.6,11.7,2.3,0.1,17.28,17.70,65.02,18.48,18.17,63.35,16.08,17.36,66.55,67.62,32.38,66.86,33.14,68.44,31.56
E07000040,East Devon,15.5,7.8,9.5,15.9,21.2,30.0,97.4,1.0,0.2,1.1,0.3,12.7,8.4,12.6,14.4,28.6,7.7,15.5,43.3,1.5,0.9,0.2,2.4,36.2,15.5,50.7,35.4,11.7,2.1,0.1,16.27,15.93,67.80,16.22,14.79,68.99,16.25,17.39,66.36,67.15,32.85,65.27,34.73,70.32,29.68
E07000041,Exeter,14.8,20.6,13.8,17.7,16.5,16.6,90.3,4.9,0.9,2.5,1.4,11.5,7.0,9.7,21.4,29.5,6.0,14.8,43.0,1.6,2.7,1.1,13.5,23.3,14.8,49.8,33.2,13.4,3.4,0.2,11.14,12.89,75.96,12.66,12.64,74.70,9.61,13.21,77.18,55.37,44.63,56.43,43.57,53.78,46.22
E07000042,Mid Devon,17.7,8.5,10.4,17.5,22.0,24.0,97.8,0.7,0.1,1.1,0.3,14.0,8.4,12.7,14.8,25.3,7.1,17.7,47.6,1.4,1.0,0.2,2.7,29.4,17.7,49.1,35.1,13.0,2.6,0.1,17.58,16.74,65.68,17.57,16.49,65.94,17.78,16.67,65.55,74.92,25.08,80.22,19.78,68.37,31.63
E07000043,North Devon,16.6,8.3,10.6,16.5,22.2,25.8,97.0,1.2,0.3,1.2,0.3,14.8,9.2,12.9,14.8,23.8,7.8,16.6,44.9,1.7,0.9,0.3,2.6,33.0,16.6,47.9,35.0,13.9,2.9,0.2,13.71,15.24,71.05,14.06,17.97,67.98,13.40,12.73,73.87,71.57,28.43,74.22,25.78,69.10,30.90
E07000044,South Hams,15.4,7.5,9.0,16.0,23.7,28.3,97.5,0.7,0.2,1.2,0.4,11.0,7.1,11.4,14.3,33.7,7.0,15.4,44.8,1.4,0.9,0.2,2.8,34.4,15.4,53.0,33.5,11.3,2.1,0.1,11.53,14.36,74.11,11.45,16.13,72.41,11.61,12.21,76.18,64.93,35.07,67.12,32.88,63.10,36.90
E07000045,Teignbridge,15.8,7.8,10.1,16.6,22.6,27.0,97.7,0.7,0.2,1.2,0.3,13.2,8.5,12.5,14.6,27.6,7.8,15.8,45.2,1.6,0.9,0.2,2.5,33.8,15.8,49.4,35.0,13.0,2.5,0.2,13.31,15.20,71.49,13.98,16.05,69.97,12.40,14.31,73.29,64.10,35.90,63.75,36.25,64.50,35.50
E07000046,Torridge,15.5,7.7,9.6,15.4,23.5,28.4,98.2,0.5,0.1,0.9,0.2,15.9,9.7,13.3,14.9,22.1,8.6,15.5,43.4,1.8,0.8,0.2,2.3,36.1,15.5,46.1,35.9,14.7,3.0,0.2,18.64,15.30,66.06,16.08,16.68,67.24,21.90,13.59,64.51,72.55,27.45,69.70,30.30,75.79,24.21
E07000047,West Devon,15.3,7.7,8.9,15.8,23.9,28.5,97.8,0.6,0.2,1.1,0.3,13.2,8.5,12.4,14.2,28.8,7.5,15.3,43.6,1.5,0.8,0.1,2.8,35.8,15.3,49.3,35.2,12.8,2.5,0.2,14.01,16.76,69.23,11.78,17.45,70.77,15.87,16.30,67.83,68.26,31.74,65.29,34.71,70.16,29.84
E07000061,Eastbourne,16.8,9.3,11.5,17.8,20.0,24.5,90.8,3.5,1.3,2.8,1.7,15.3,9.2,12.2,14.2,24.8,7.5,16.8,41.9,2.4,1.2,0.5,3.6,33.6,16.8,43.2,36.0,16.2,4.1,0.5,17.94,12.94,69.12,18.37,13.64,67.99,17.09,12.44,70.47,69.10,30.90,68.24,31.76,69.21,30.79
E07000062,Hastings,17.9,8.9,12.5,18.8,21.7,20.2,91.4,2.8,1.4,2.9,1.5,16.5,9.2,12.4,14.0,23.5,6.5,17.9,44.0,2.8,0.9,0.4,3.1,30.9,17.9,42.0,35.0,17.3,5.1,0.5,18.94,16.16,64.91,19.45,19.08,61.47,17.74,13.15,69.11,77.53,22.47,84.74,15.26,69.34,30.66
E07000063,Lewes,16.7,8.3,9.5,17.4,21.7,26.5,94.2,1.9,0.7,2.5,0.7,13.4,8.5,11.9,13.8,29.0,6.7,16.7,43.6,2.0,0.9,0.3,3.1,33.4,16.7,47.9,35.0,13.7,3.1,0.2,13.87,15.95,70.18,13.32,17.64,69.04,14.49,13.47,72.04,69.18,30.82,72.84,27.16,64.28,35.72
E07000064,Rother,14.6,7.7,8.6,14.2,22.4,32.4,95.6,1.5,0.6,1.8,0.5,16.1,9.5,12.6,14.0,25.5,7.7,14.6,40.0,1.9,0.7,0.3,2.7,39.8,14.6,45.7,36.8,14.5,2.8,0.2,19.79,17.08,63.13,19.41,19.68,60.91,17.98,14.42,67.61,71.52,28.48,73.45,26.55,69.34,30.66
E07000065,Wealden,16.5,8.1,9.6,16.5,22.7,26.5,96.0,1.4,0.4,1.7,0.5,12.5,8.7,13.0,15.0,27.2,7.1,16.5,45.7,1.6,0.9,0.3,2.8,32.3,16.5,52.5,34.3,11.3,1.9,0.1,14.25,18.28,67.47,15.17,19.69,65.13,13.03,16.88,70.09,62.45,37.55,73.98,26.02,50.43,49.57
E07000066,Basildon,20.7,9.4,14.0,19.8,19.1,17.0,87.5,4.3,4.8,2.6,0.9,16.4,10.4,13.1,13.5,19.5,6.4,20.7,46.4,2.3,1.1,0.3,2.8,26.3,20.7,46.2,34.3,15.3,3.9,0.3,21.48,16.30,62.22,25.03,15.93,59.05,17.57,16.67,65.76,68.09,31.91,68.82,31.18,66.88,33.12
E07000067,Braintree,18.5,8.9,12.3,19.1,20.8,20.4,94.7,1.7,1.2,1.9,0.5,15.0,10.0,13.6,14.9,21.0,7.0,18.5,48.2,1.9,1.0,0.3,2.5,27.6,18.5,50.0,34.1,13.0,2.7,0.1,18.74,18.17,63.09,20.00,20.58,59.43,17.48,15.70,66.82,69.97,30.03,74.10,25.90,65.25,34.75
E07000068,Brentwood,18.4,8.7,12.8,19.5,20.4,20.2,88.5,5.1,2.3,3.1,1.1,12.3,7.9,12.5,14.0,28.9,6.0,18.4,48.4,1.8,0.8,0.2,3.1,27.3,18.4,55.5,31.5,10.7,2.2,0.2,13.27,19.28,67.45,13.05,22.01,64.94,13.50,16.36,70.14,61.63,38.37,69.11,30.89,53.31,46.69
E07000069,Castle Point,16.9,9.1,11.0,17.0,20.7,25.2,94.9,1.7,1.3,1.6,0.5,19.8,11.3,14.1,14.1,15.3,8.3,16.9,44.8,1.8,0.9,0.3,2.4,32.7,16.9,43.8,36.8,15.8,3.4,0.2,20.84,17.86,61.30,20.06,21.29,58.65,21.68,14.20,64.12,68.21,31.79,70.49,29.51,65.25,34.75
E07000070,Chelmsford,18.6,9.2,13.1,20.3,19.4,19.4,88.5,5.3,2.6,2.6,0.9,12.3,8.4,12.4,14.3,27.6,6.3,18.6,48.3,1.8,1.2,0.4,3.2,26.5,18.6,54.6,32.2,10.8,2.2,0.1,14.26,17.76,67.98,13.98,18.63,67.38,14.67,17.11,68.22,62.74,37.26,62.12,37.88,63.35,36.65
E07000071,Colchester,18.9,11.9,13.5,19.7,18.2,17.8,87.0,5.1,3.5,2.9,1.5,12.5,8.4,12.0,15.8,26.2,6.3,18.9,46.0,2.0,1.8,0.9,5.3,25.2,18.9,51.4,33.2,12.3,2.9,0.2,16.10,15.75,68.15,15.33,16.30,68.37,16.97,15.29,67.75,62.63,37.37,64.62,35.38,60.37,39.63
E07000072,Epping Forest,18.6,9.1,12.2,20.0,20.7,19.5,84.1,7.2,2.9,3.6,2.2,15.4,8.4,11.9,13.0,26.4,6.3,18.6,47.9,2.3,0.9,0.3,3.6,26.6,18.6,51.1,33.2,12.7,2.9,0.2,16.90,15.47,67.63,19.59,16.95,63.46,13.93,13.79,72.28,60.51,39.49,59.20,40.80,60.84,39.16
E07000073,Harlow,21.7,9.5,15.2,21.0,18.1,14.6,82.7,5.9,6.2,3.3,1.8,16.5,10.5,12.4,13.0,19.1,6.8,21.7,48.0,2.6,1.2,0.4,2.9,23.1,21.7,42.9,35.4,16.8,4.4,0.5,21.52,22.97,55.51,22.71,26.00,51.28,20.29,19.01,60.70,61.15,38.85,65.17,34.83,56.07,43.93
E07000074,Maldon,16.3,8.8,10.2,16.6,23.1,25.0,96.9,1.1,0.4,1.4,0.3,16.1,10.2,13.5,14.8,21.3,7.9,16.3,46.4,1.8,0.8,0.2,2.6,31.9,16.3,49.6,34.7,12.9,2.7,0.1,13.58,14.99,71.43,15.72,13.08,71.21,10.77,17.37,71.87,63.83,36.17,62.52,37.48,64.90,35.10
E07000075,Rochford,17.5,9.0,10.7,18.1,21.4,23.3,95.9,1.4,0.7,1.7,0.3,15.8,10.6,14.4,15.3,18.8,7.6,17.5,46.5,1.8,0.9,0.3,2.6,30.3,17.5,49.4,34.9,13.4,2.2,0.1,17.97,20.71,61.33,19.19,23.27,57.55,16.42,18.14,65.44,66.45,33.55,71.32,28.68,61.05,38.95
E07000076,Tendring,15.8,8.2,10.0,14.8,21.6,29.6,96.2,1.2,0.6,1.6,0.4,22.1,10.9,12.9,13.1,16.7,8.5,15.8,38.6,2.3,0.7,0.3,2.4,39.9,15.8,38.3,37.7,18.9,4.7,0.4,20.83,17.13,62.04,20.44,20.33,59.23,21.02,14.03,64.95,76.30,23.70,79.75,20.25,72.07,27.93
E07000077,Uttlesford,19.5,8.5,10.5,19.7,21.6,20.2,94.5,1.9,0.8,2.2,0.7,11.1,7.6,12.5,13.9,29.5,5.9,19.5,49.2,1.7,0.8,0.2,3.1,25.4,19.5,58.0,30.7,9.5,1.7,0.1,14.44,15.97,69.59,15.09,20.22,64.69,13.35,11.42,75.24,60.35,39.65,67.22,32.78,50.97,49.03
E07000078,Cheltenham,17.2,11.2,13.8,19.5,19.0,19.3,91.4,4.1,1.0,2.5,1.0,11.1,6.6,10.4,13.4,35.7,5.7,17.2,48.2,1.8,1.6,0.5,4.5,26.3,17.2,56.2,30.7,10.6,2.4,0.2,14.45,17.03,68.52,14.86,15.83,69.31,13.92,18.27,67.81,59.63,40.37,57.27,42.73,62.05,37.95
E07000079,Cotswold,16.0,8.2,9.4,17.5,22.9,26.1,96.3,1.3,0.4,1.5,0.4,11.5,7.5,11.7,13.8,33.4,6.1,16.0,47.6,1.5,1.0,0.2,3.0,30.7,16.0,57.0,31.8,9.5,1.6,0.1,12.75,15.61,71.64,14.32,18.97,66.71,11.04,12.18,76.77,65.60,34.40,69.48,30.52,62.49,37.51
E07000080,Forest of Dean,16.0,9.4,10.6,16.2,22.7,25.1,97.5,0.7,0.3,1.1,0.4,15.4,8.8,13.1,14.8,24.2,7.7,16.0,45.1,1.8,0.9,0.3,3.5,32.4,16.0,48.1,34.8,14.0,3.0,0.1,17.40,16.26,66.33,19.75,15.19,65.06,14.58,17.53,67.89,72.79,27.21,76.49,23.51,69.01,30.99
E07000081,Gloucester,19.2,11.0,14.1,19.4,19.5,16.7,84.9,6.5,3.6,3.8,1.2,14.7,9.3,12.3,15.1,22.1,7.2,19.2,48.1,2.0,1.5,0.5,3.6,25.1,19.2,48.9,33.7,13.6,3.5,0.3,19.98,18.42,61.60,22.37,15.74,61.89,17.01,21.14,61.84,61.29,38.71,71.78,28.22,50.63,49.37
E07000082,Stroud,17.3,8.2,10.4,18.2,22.6,23.3,96.4,1.0,0.4,1.8,0.4,11.2,7.5,11.5,14.1,32.0,6.5,17.3,48.5,1.5,1.0,0.3,2.7,28.8,17.3,55.2,32.3,10.4,2.1,0.1,15.99,15.48,68.53,14.26,16.93,68.82,17.40,14.09,68.51,64.61,35.39,64.70,35.30,64.54,35.46
E07000083,Tewkesbury,18.5,8.1,12.1,18.6,20.6,22.2,95.1,2.0,0.6,1.8,0.5,11.3,8.0,12.1,14.2,29.2,6.7,18.5,48.1,1.6,0.9,0.2,2.6,28.1,18.5,55.1,32.4,10.4,1.9,0.1,17.22,16.96,65.82,20.85,16.67,62.48,13.25,16.77,69.98,61.90,38.10,63.46,36.54,59.83,40.17
E07000084,Basingstoke and Deane,19.1,8.8,13.9,21.0,20.0,17.3,88.5,5.9,2.0,2.5,1.1,11.5,8.6,11.7,14.6,28.5,6.0,19.1,51.3,1.9,1.0,0.3,2.4,23.9,19.1,55.0,32.0,10.7,2.2,0.1,14.07,16.87,69.06,15.36,20.86,63.77,12.82,13.02,74.15,65.48,34.52,63.77,36.23,66.95,33.05
E07000085,East Hampshire,17.4,8.5,10.3,18.2,22.4,23.1,95.4,1.9,0.5,1.7,0.5,10.8,7.2,12.0,14.7,32.0,5.9,17.4,48.1,1.6,1.0,0.3,3.0,28.6,17.4,57.0,31.6,9.5,1.8,0.1,10.56,18.09,71.35,12.62,20.74,66.65,8.46,15.17,76.37,63.41,36.59,65.87,34.13,60.03,39.97
E07000086,Eastleigh,19.1,8.6,13.1,19.9,19.8,19.5,92.4,3.9,1.0,2.1,0.7,11.1,8.2,12.0,15.4,26.8,7.3,19.1,49.8,1.6,1.1,0.4,2.4,25.5,19.1,55.2,32.1,10.6,2.0,0.1,16.04,18.93,65.03,16.93,19.35,63.72,15.18,18.34,66.48,72.40,27.60,71.51,28.49,73.13,26.87
E07000087,Fareham,16.5,8.4,10.7,17.8,22.1,24.5,95.6,1.8,0.6,1.5,0.4,11.6,8.2,12.2,16.1,27.9,7.6,16.5,47.5,1.5,1.1,0.3,2.4,30.7,16.5,54.6,33.0,10.6,1.6,0.1,17.15,17.33,65.52,20.00,22.50,57.51,13.63,11.58,74.79,58.16,41.84,59.96,40.04,56.14,43.86
E07000088,Gosport,18.0,9.2,12.3,18.0,21.1,21.4,95.3,1.4,1.2,1.5,0.6,14.3,10.4,13.0,16.3,20.3,7.8,18.0,46.0,2.2,1.0,0.4,2.6,29.9,18.0,46.0,35.7,14.8,3.4,0.2,14.68,19.43,65.89,16.57,22.28,61.16,12.59,16.15,71.26,74.33,25.67,76.94,23.06,70.99,29.01
E07000089,Hart,19.2,8.9,11.0,20.6,20.6,19.7,92.5,3.6,0.8,2.2,0.8,8.8,7.1,11.4,14.4,33.4,5.7,19.2,49.7,1.7,1.1,0.3,2.8,25.3,19.2,60.7,29.8,8.2,1.3,0.1,11.59,15.46,72.95,16.00,18.07,65.92,7.18,13.17,79.65,57.17,42.83,56.98,43.02,57.35,42.65
E07000090,Havant,17.2,8.7,11.5,16.6,21.6,24.3,95.9,1.7,0.6,1.4,0.4,16.5,9.4,12.7,14.7,21.9,7.6,17.2,44.3,2.1,1.1,0.3,2.3,32.7,17.2,45.5,35.4,15.0,3.8,0.4,19.09,18.93,61.98,18.99,19.50,61.52,18.27,18.59,63.14,64.70,35.30,71.62,28.38,58.03,41.97
E07000091,New Forest,15.4,7.7,9.2,15.9,22.4,29.4,96.8,1.2,0.4,1.3,0.4,13.6,8.7,12.5,15.0,26.4,8.4,15.4,43.8,1.5,1.0,0.2,2.3,35.8,15.4,51.4,34.3,11.9,2.2,0.2,15.49,15.18,69.34,17.02,16.44,66.54,13.25,13.48,73.27,70.56,29.44,76.51,23.49,63.98,36.02
E07000092,Rushmoor,18.9,9.7,16.4,21.2,18.6,15.2,77.4,14.7,2.5,2.6,2.8,14.8,9.6,11.6,13.9,24.2,7.0,18.9,52.0,2.2,1.1,0.4,2.6,22.7,18.9,51.1,32.8,12.8,3.1,0.2,20.74,17.81,61.45,20.26,17.42,62.32,20.38,18.69,60.93,66.76,33.24,64.50,35.50,67.63,32.37
E07000093,Test Valley,18.2,8.2,12.0,19.4,21.1,21.2,93.1,3.3,1.1,1.8,0.8,11.5,8.0,11.7,14.8,29.2,6.5,18.2,49.4,1.5,1.0,0.3,2.4,27.1,18.2,55.7,32.0,10.2,2.0,0.1,12.74,16.48,70.78,13.25,19.00,67.75,12.32,13.98,73.70,63.42,36.58,70.00,30.00,54.74,45.26
E07000094,Winchester,17.8,12.4,10.3,18.5,20.1,20.9,93.6,3.1,0.6,2.0,0.7,9.1,5.7,10.2,15.3,36.9,5.0,17.8,45.7,1.5,1.8,0.6,5.9,26.7,17.8,58.3,30.4,9.5,1.7,0.1,12.36,14.12,73.52,13.95,11.46,74.59,10.00,17.06,72.94,60.96,39.04,62.39,37.61,58.92,41.08
E07000095,Broxbourne,19.8,9.6,13.2,20.4,19.6,17.4,81.1,3.7,6.7,4.0,4.6,16.7,9.4,11.8,13.4,21.9,6.9,19.8,47.7,2.3,1.1,0.4,3.3,25.5,19.8,46.5,35.1,14.6,3.5,0.3,23.26,18.97,57.77,26.15,17.28,56.57,19.80,21.18,59.02,74.70,25.30,74.80,25.20,75.70,24.30
E07000096,Dacorum,20.2,8.6,12.9,21.2,19.8,17.4,86.8,5.8,2.8,3.4,1.2,11.7,8.1,11.3,12.8,30.1,5.8,20.2,48.7,2.0,1.1,0.3,3.0,24.7,20.2,53.9,31.8,11.4,2.6,0.2,15.71,15.24,69.04,15.80,15.51,68.69,15.66,15.18,69.16,62.84,37.16,70.07,29.93,56.48,43.52
E07000098,Hertsmere,20.1,9.4,12.0,21.3,19.5,17.7,77.1,10.5,4.8,3.7,3.8,12.8,7.3,10.6,11.8,31.7,5.8,20.1,47.8,2.2,1.2,0.3,4.4,24.0,20.1,51.9,33.1,12.1,2.7,0.2,17.38,21.23,61.39,17.27,24.25,58.47,17.42,17.97,64.61,67.81,32.19,70.89,29.11,64.07,35.93
E07000099,North Hertfordshire,19.1,8.3,12.2,21.0,20.0,19.4,87.5,5.2,2.4,3.7,1.1,11.0,7.5,10.8,12.5,33.6,5.5,19.1,49.4,1.8,1.0,0.3,2.8,25.5,19.1,55.1,31.5,11.0,2.2,0.1,17.81,14.51,67.68,19.75,16.59,63.65,15.34,11.79,72.87,60.09,39.91,62.27,37.73,56.19,43.81
E07000102,Three Rivers,20.0,9.1,11.0,21.5,20.4,18.1,77.1,15.2,2.4,3.6,1.7,10.7,7.0,10.5,12.2,34.2,5.4,20.0,49.0,2.0,1.0,0.3,3.7,23.9,20.0,55.3,31.4,10.8,2.2,0.2,15.77,16.56,67.68,18.30,17.20,64.50,13.03,15.60,71.37,61.65,38.35,66.30,33.70,56.25,43.75
E07000103,Watford,20.8,9.5,16.2,24.1,16.9,12.6,60.9,24.5,6.3,4.7,3.6,12.6,7.3,9.7,11.4,32.5,5.6,20.8,50.2,2.6,1.5,0.4,3.8,20.6,20.8,50.6,33.1,12.8,3.2,0.3,18.36,18.98,62.66,19.40,22.32,58.28,17.41,15.72,66.87,62.73,37.27,61.99,38.01,63.57,36.43
E07000105,Ashford,19.6,9.3,12.7,18.8,20.1,19.6,88.1,5.8,2.6,2.2,1.4,14.2,9.1,12.4,13.7,24.2,6.8,19.6,46.9,2.0,1.0,0.4,3.0,27.2,19.6,50.0,33.8,13.2,2.9,0.2,15.92,21.15,62.93,16.40,21.51,62.09,15.42,20.61,63.98,69.13,30.87,67.78,32.22,70.43,29.57
E07000106,Canterbury,15.7,16.9,10.8,16.2,18.6,21.8,89.2,4.1,2.5,2.7,1.5,13.7,7.5,10.5,18.3,27.9,6.4,15.7,39.5,2.0,2.6,1.4,9.6,29.4,15.7,47.3,34.9,14.2,3.3,0.2,13.64,14.05,72.31,13.50,15.58,70.92,13.64,12.88,73.48,68.74,31.26,66.68,33.32,70.64,29.36
E07000107,Dartford,22.3,8.9,15.2,22.4,17.4,13.7,74.5,9.9,10.5,3.1,2.0,12.6,8.6,11.9,13.0,25.1,6.5,22.3,49.4,2.2,1.0,0.3,3.3,21.5,22.3,52.2,32.1,12.7,2.8,0.2,19.19,16.60,64.21,17.84,17.51,64.64,20.73,15.66,63.61,63.90,36.10,66.83,33.17,60.86,39.14
E07000108,Dover,17.4,8.6,11.5,16.9,21.5,24.0,94.9,2.1,0.7,1.5,0.9,16.1,9.2,12.8,14.8,22.3,7.4,17.4,42.9,2.3,0.8,0.3,3.0,33.2,17.4,45.1,35.0,15.8,3.8,0.3,17.59,14.76,67.65,18.60,13.03,68.37,16.66,16.39,66.95,66.91,33.09,73.48,26.52,60.25,39.75
E07000109,Gravesham,20.9,9.7,13.2,19.9,19.0,17.2,76.6,11.2,6.5,2.6,3.0,16.1,9.4,12.0,13.1,21.1,7.4,20.9,45.5,2.6,1.0,0.4,3.3,26.2,20.9,45.1,35.3,15.3,3.9,0.3,23.57,16.23,60.20,26.94,20.03,53.03,19.34,12.27,68.39,71.14,28.86,84.01,15.99,59.40,40.60
E07000110,Maidstone,19.1,9.0,13.3,19.9,19.6,19.1,89.8,4.7,2.1,2.3,1.2,14.1,8.8,12.3,14.2,24.2,7.2,19.1,48.2,1.9,1.0,0.3,2.9,26.7,19.1,51.5,33.4,12.1,2.7,0.2,17.48,17.90,64.62,19.16,20.25,60.60,15.76,15.06,69.18,69.45,30.55,76.19,23.81,62.71,37.29
E07000111,Sevenoaks,19.8,8.3,10.3,19.4,20.7,21.5,92.1,2.9,1.6,2.6,0.8,12.5,7.7,11.7,12.5,29.9,5.8,19.8,46.0,1.7,0.8,0.2,3.2,28.3,19.8,54.7,31.7,11.0,2.4,0.1,19.00,13.16,67.84,19.45,14.47,66.09,17.60,11.89,70.51,65.42,34.58,71.21,28.79,59.64,40.36
E07000112,Folkestone and Hythe,16.6,8.5,11.0,17.1,21.8,25.0,92.6,3.9,0.6,1.9,1.0,16.2,9.7,12.4,14.4,22.8,7.9,16.6,42.7,2.4,0.9,0.3,2.7,34.4,16.6,44.4,35.5,15.8,4.0,0.3,19.69,18.06,62.26,22.88,19.37,57.75,15.93,16.59,67.48,70.35,29.65,75.54,24.46,65.57,34.43
E07000113,Swale,19.6,9.5,13.1,18.9,19.9,19.1,93.8,1.5,2.3,1.8,0.5,17.7,9.9,12.5,13.9,19.1,7.4,19.6,44.8,2.3,0.8,0.3,2.8,29.4,19.6,44.3,35.2,15.8,4.4,0.3,22.53,13.48,63.99,22.53,14.93,62.54,22.32,11.97,65.71,70.11,29.89,70.62,29.38,69.37,30.63
E07000114,Thanet,17.9,8.8,11.6,17.7,20.4,23.7,93.0,2.3,1.1,2.4,1.2,17.8,9.5,11.8,13.7,21.6,7.7,17.9,41.2,2.6,0.9,0.3,3.0,34.1,17.9,41.2,36.1,17.6,4.7,0.4,21.62,15.36,63.02,24.96,15.30,59.74,17.12,15.59,67.29,69.57,30.43,79.16,20.84,58.73,41.27
E07000115,Tonbridge and Malling,20.2,8.8,11.5,20.0,20.4,19.1,93.3,2.9,1.0,2.2,0.6,12.3,8.4,12.6,14.0,26.0,6.5,20.2,47.8,1.7,0.9,0.3,3.1,26.0,20.2,53.9,32.0,11.5,2.5,0.1,16.52,14.08,69.40,16.35,15.56,68.10,16.13,12.57,71.30,63.61,36.39,66.85,33.15,59.82,40.18
E07000116,Tunbridge Wells,19.9,8.5,11.1,20.4,20.7,19.4,91.5,4.0,1.0,2.6,1.0,10.8,6.9,11.6,12.5,33.0,5.3,19.9,47.7,1.8,0.8,0.2,3.4,26.2,19.9,55.3,31.1,11.0,2.5,0.2,12.97,15.09,71.94,13.71,17.21,69.08,12.13,12.98,74.89,57.70,42.30,66.51,33.49,48.67,51.33
E07000117,Burnley,20.5,9.9,13.6,18.7,19.3,17.9,82.5,14.7,0.3,1.6,0.8,19.4,8.8,11.0,13.3,19.3,7.6,20.5,41.2,2.5,1.1,0.3,3.7,30.6,20.5,40.9,34.3,18.3,6.1,0.4,25.79,17.29,56.92,25.37,21.89,52.74,25.98,12.37,61.64,73.80,26.20,72.84,27.16,74.65,25.35
E07000118,Chorley,18.1,8.4,12.1,19.7,21.2,20.5,95.6,1.9,0.6,1.5,0.4,13.1,7.7,11.4,14.7,27.7,7.3,18.1,47.4,1.6,1.2,0.3,2.5,28.8,18.1,52.5,32.6,12.0,2.8,0.1,17.85,14.28,67.87,19.56,13.35,67.10,15.76,15.40,68.83,65.08,34.92,66.37,33.63,63.44,36.56
E07000119,Fylde,14.9,7.5,9.9,16.5,23.4,27.8,96.3,1.4,0.4,1.4,0.5,13.7,7.9,11.8,14.8,29.3,7.6,14.9,42.8,1.7,1.1,0.3,2.7,36.5,14.9,50.8,33.9,12.4,2.7,0.2,18.26,17.94,63.79,17.84,20.10,62.07,17.96,15.61,66.43,67.09,32.91,68.97,31.03,63.98,36.02
E07000120,Hyndburn,20.2,10.2,13.4,18.2,19.7,18.2,82.7,15.1,0.3,1.3,0.7,18.2,8.3,11.3,14.0,20.1,7.9,20.2,42.2,2.3,1.2,0.4,3.7,30.1,20.2,42.4,34.1,17.5,5.7,0.3,22.87,20.24,56.89,23.43,18.88,57.69,21.32,22.05,56.64,68.07,31.93,71.21,28.79,64.86,35.14
E07000121,Lancaster,16.3,15.4,11.4,16.8,19.7,20.5,93.1,3.6,0.9,1.5,0.9,13.2,7.2,10.5,18.9,27.1,6.8,16.3,41.6,1.6,2.1,0.7,9.0,28.7,16.3,48.4,33.9,14.0,3.6,0.2,15.27,17.24,67.49,17.02,17.50,65.48,13.13,17.03,69.84,69.19,30.81,71.65,28.35,66.60,33.40
E07000122,Pendle,21.4,10.2,12.6,19.1,18.8,18.0,70.6,26.7,0.3,1.6,0.9,19.5,8.4,10.2,13.1,19.9,7.6,21.4,40.3,2.2,1.1,0.3,4.0,30.7,21.4,42.5,35.0,16.9,5.3,0.3,26.05,15.25,58.70,23.54,16.31,60.15,27.18,14.62,58.20,80.60,19.40,81.93,18.07,79.25,20.75
E07000123,Preston,19.7,13.9,14.7,19.0,17.9,14.7,72.6,20.2,2.4,3.0,1.9,15.6,7.5,10.3,14.7,25.5,6.7,19.7,42.4,2.0,2.7,1.1,6.4,25.8,19.7,46.6,33.6,15.0,4.5,0.3,19.67,15.32,65.00,20.96,14.82,64.22,18.12,15.98,65.90,72.19,27.81,73.98,26.02,69.91,30.09
E07000124,Ribble Valley,16.4,8.5,10.0,17.1,23.9,24.1,96.3,2.1,0.2,1.2,0.3,11.0,6.6,11.0,14.4,33.2,7.4,16.4,48.2,1.2,1.1,0.2,2.9,29.9,16.4,58.6,30.5,9.2,1.6,0.1,14.80,12.89,72.32,14.50,14.05,71.45,15.07,11.58,73.36,62.01,37.99,65.77,34.23,57.22,42.78
E07000125,Rossendale,19.2,8.7,12.3,19.0,21.6,19.3,92.4,5.5,0.2,1.5,0.4,15.1,7.7,11.5,14.9,24.8,6.9,19.2,45.7,1.9,1.0,0.3,3.3,28.7,19.2,48.0,33.0,14.7,4.2,0.2,20.28,17.95,61.77,21.25,21.86,56.88,19.34,14.34,66.32,68.32,31.68,76.41,23.59,61.19,38.81
E07000126,South Ribble,17.6,8.7,11.9,18.6,21.5,21.6,95.4,2.1,0.5,1.7,0.3,12.9,7.9,11.6,15.7,26.3,7.9,17.6,48.0,1.5,1.2,0.3,2.6,28.7,17.6,52.4,33.0,12.1,2.4,0.1,20.28,16.76,62.96,18.25,20.18,61.57,21.15,13.18,65.66,67.27,32.73,67.67,32.33,66.08,33.92
E07000127,West Lancashire,16.3,13.4,10.5,16.6,21.3,21.9,96.9,1.0,0.3,1.3,0.4,14.9,7.7,11.5,17.6,25.1,7.0,16.3,43.5,1.7,2.1,0.8,6.3,29.3,16.3,48.7,33.9,14.0,3.2,0.1,19.92,14.15,65.93,23.17,14.99,61.84,15.03,13.45,71.52,61.61,38.39,71.14,28.86,51.48,48.52
E07000128,Wyre,15.7,8.3,10.1,15.7,22.5,27.7,97.5,1.0,0.2,1.0,0.3,16.7,8.5,12.4,14.8,23.8,8.1,15.7,41.6,1.9,1.1,0.3,2.9,36.4,15.7,46.0,34.9,15.4,3.6,0.2,22.85,15.05,62.10,26.50,15.80,57.70,19.05,14.38,66.57,70.00,30.00,69.74,30.26,70.23,29.77
E07000129,Blaby,18.7,8.7,12.6,19.2,20.2,20.5,86.2,8.3,1.5,2.7,1.3,14.1,8.1,11.5,15.0,24.8,7.7,18.7,49.0,1.6,1.0,0.4,2.8,26.5,18.7,53.6,32.9,11.5,1.9,0.1,17.44,19.44,63.12,18.23,19.91,61.86,15.96,19.14,64.90,67.98,32.02,72.34,27.66,63.14,36.86
E07000130,Charnwood,16.8,15.1,12.4,18.1,18.8,18.8,82.3,12.4,1.5,2.5,1.2,13.1,7.5,10.3,18.3,27.1,6.8,16.8,44.4,1.6,1.7,0.7,9.1,25.7,16.8,53.0,32.4,12.0,2.6,0.1,14.93,16.19,68.88,15.13,16.49,68.38,14.48,15.66,69.86,64.89,35.11,65.31,34.69,64.28,35.72
E07000131,Harborough,17.6,8.8,10.7,18.8,22.1,22.0,91.0,5.4,0.7,2.1,0.8,11.2,7.4,11.5,14.2,31.1,6.9,17.6,48.9,1.4,1.1,0.2,3.2,27.6,17.6,57.9,30.9,9.6,1.5,0.1,13.08,17.44,69.48,12.54,18.93,68.53,13.36,15.89,70.75,63.94,36.06,67.84,32.16,60.27,39.73
E07000132,Hinckley and Bosworth,17.4,8.3,12.2,18.7,21.2,22.4,94.3,2.8,0.6,1.8,0.6,15.1,8.8,12.0,14.9,24.3,7.5,17.4,48.3,1.6,0.9,0.3,2.7,29.0,17.4,51.4,33.7,12.4,2.4,0.1,19.96,19.48,60.56,17.23,21.99,60.78,23.07,16.63,60.30,74.64,25.36,75.81,24.19,73.02,26.98
E07000133,Melton,17.0,8.2,10.6,17.3,23.4,23.5,96.9,1.2,0.4,1.3,0.3,13.6,8.3,12.2,15.3,25.8,7.8,17.0,48.2,1.5,1.0,0.2,2.7,29.4,17.0,53.1,33.8,11.1,1.9,0.1,16.27,14.58,69.15,16.93,16.06,67.01,15.31,12.95,71.74,73.53,26.47,71.56,28.44,75.44,24.56
E07000134,North West Leicestershire,17.7,9.6,12.4,19.1,21.1,20.1,95.9,1.5,0.6,1.5,0.5,15.1,8.2,11.6,15.4,24.7,7.3,17.7,48.7,1.6,1.0,0.3,3.4,27.4,17.7,51.5,33.2,12.6,2.6,0.1,21.16,15.47,63.37,20.45,14.93,64.62,21.69,16.32,62.00,69.92,30.08,74.67,25.33,65.09,34.91
E07000135,Oadby and Wigston,18.2,11.2,11.5,18.2,19.6,21.3,63.4,27.9,2.2,3.2,3.3,15.2,7.9,10.5,15.1,26.2,6.9,18.2,43.9,2.0,1.1,0.5,5.7,28.5,18.2,49.1,34.6,13.7,2.4,0.2,22.84,20.59,56.57,26.01,23.09,50.90,19.51,18.41,62.09,70.95,29.05,70.55,29.45,71.25,28.75
E07000136,Boston,18.3,9.3,12.8,19.1,20.0,20.4,94.6,2.0,0.7,1.4,1.2,22.6,10.4,11.7,11.6,15.5,9.9,18.3,46.7,2.0,1.0,0.3,2.8,28.9,18.3,40.9,38.6,16.2,4.0,0.3,26.04,19.77,54.19,25.20,22.22,52.58,26.56,17.06,56.37,78.94,21.06,85.87,14.13,72.34,27.66
E07000137,East Lindsey,14.7,7.6,9.4,14.3,23.5,30.5,97.8,0.8,0.2,1.0,0.2,21.5,9.8,12.9,14.1,18.4,8.6,14.7,38.4,2.3,0.7,0.2,2.4,41.4,14.7,39.8,36.9,18.5,4.6,0.3,24.09,17.88,58.03,23.16,17.84,59.00,24.95,17.98,57.07,79.39,20.61,80.78,19.22,77.51,22.49
E07000138,Lincoln,16.1,20.7,15.0,17.3,16.4,14.5,92.1,3.2,1.4,2.0,1.2,14.6,8.2,10.7,21.4,22.1,6.9,16.1,42.0,2.2,3.0,1.5,11.0,24.1,16.1,45.2,34.5,15.7,4.4,0.3,17.28,13.59,69.13,17.92,14.90,67.19,16.53,12.37,71.10,64.44,35.56,70.40,29.60,59.02,40.98
E07000139,North Kesteven,17.0,8.6,11.6,17.7,21.7,23.4,97.2,1.0,0.4,1.2,0.3,13.5,8.2,12.3,16.7,24.8,7.5,17.0,47.2,1.5,1.0,0.3,2.7,30.4,17.0,52.3,33.7,11.9,2.1,0.1,18.54,16.72,64.74,19.69,17.40,62.91,16.27,16.33,67.40,70.53,29.47,72.51,27.49,68.04,31.96
E07000140,South Holland,17.0,8.5,11.7,17.8,21.3,23.9,96.3,1.2,0.5,1.3,0.6,20.4,10.3,13.1,13.3,16.7,9.2,17.0,46.7,1.8,0.8,0.2,2.2,31.2,17.0,44.0,37.4,15.5,2.9,0.1,25.11,20.33,54.56,26.93,20.04,53.03,22.84,20.65,56.51,75.61,24.39,77.53,22.47,72.32,27.68
E07000141,South Kesteven,17.7,8.2,10.9,18.2,21.9,23.1,95.8,1.8,0.6,1.4,0.4,13.9,8.7,12.5,14.8,24.8,7.6,17.7,46.7,1.8,0.9,0.3,2.7,29.9,17.7,51.7,33.7,12.2,2.3,0.1,19.10,16.47,64.42,20.80,20.83,58.37,17.29,11.82,70.88,72.67,27.33,74.05,25.95,71.23,28.77
E07000142,West Lindsey,16.9,8.1,10.4,16.7,22.8,25.2,97.0,1.2,0.3,1.1,0.4,15.1,8.6,12.2,15.1,24.4,7.8,16.9,43.4,1.8,0.9,0.3,2.8,33.9,16.9,49.2,34.1,13.5,3.0,0.1,17.70,14.98,67.32,20.15,15.29,64.56,14.80,14.88,70.32,69.23,30.77,71.16,28.84,67.65,32.35
E07000143,Breckland,16.7,8.4,11.7,17.0,21.1,25.0,96.5,0.9,0.6,1.4,0.6,18.5,10.0,13.0,14.1,19.2,8.4,16.7,45.5,1.7,0.9,0.2,2.2,32.7,16.7,45.5,36.9,14.6,2.9,0.1,17.51,18.34,64.15,18.53,18.52,62.95,16.25,18.28,65.48,78.03,21.97,85.54,14.46,67.96,32.04
E07000144,Broadland,16.1,8.0,10.4,17.9,21.7,25.9,96.3,1.4,0.5,1.4,0.4,14.7,9.3,13.2,15.2,23.0,8.4,16.1,46.6,1.4,1.0,0.3,2.4,32.3,16.1,51.0,34.6,12.3,2.0,0.1,14.41,14.95,70.64,14.86,18.95,66.19,14.10,10.75,75.15,68.61,31.39,71.06,28.94,66.27,33.73
E07000145,Great Yarmouth,17.1,9.1,11.7,16.9,21.2,24.0,94.6,1.9,1.1,1.6,0.8,22.0,10.8,13.0,13.2,15.1,8.8,17.1,40.4,3.0,0.9,0.4,2.9,35.4,17.1,38.2,36.8,19.1,5.5,0.4,25.89,17.27,56.83,26.78,18.30,54.92,24.61,16.06,59.33,77.52,22.48,90.17,9.83,66.01,33.99
E07000146,King's Lynn and West Norfolk,16.5,8.3,11.5,16.7,21.2,25.9,95.6,1.9,0.5,1.3,0.7,19.5,10.1,12.6,13.7,19.5,8.1,16.5,44.1,1.8,0.8,0.3,2.2,34.4,16.5,44.0,36.8,15.6,3.5,0.2,22.67,19.54,57.79,22.79,21.65,55.55,22.52,16.54,60.94,73.88,26.12,75.31,24.69,72.16,27.84
E07000147,North Norfolk,13.4,7.1,8.7,14.2,23.1,33.5,98.1,0.6,0.2,0.9,0.2,17.8,10.0,13.2,14.0,22.7,8.8,13.4,39.8,1.7,0.6,0.2,2.2,42.0,13.4,44.4,37.7,14.9,2.9,0.2,17.99,14.73,67.28,20.34,16.57,63.10,15.47,12.44,72.09,73.19,26.81,82.12,17.88,62.90,37.10
E07000148,Norwich,16.1,17.7,16.5,19.2,15.6,14.9,87.1,5.5,2.5,3.1,1.8,14.3,7.7,10.0,17.5,28.6,5.7,16.1,43.1,2.5,2.5,1.2,9.8,24.8,16.1,45.0,34.4,15.6,4.7,0.3,16.48,14.44,69.09,16.16,15.87,67.97,17.04,13.47,69.49,75.21,24.79,74.78,25.22,74.92,25.08
E07000149,South Norfolk,17.4,8.0,10.9,18.4,21.0,24.3,95.4,1.8,0.8,1.5,0.5,14.1,8.3,12.4,14.3,26.5,7.0,17.4,46.8,1.4,0.9,0.3,2.7,30.5,17.4,51.7,34.6,11.6,2.1,0.1,15.86,20.82,63.31,17.16,21.70,61.14,13.68,20.01,66.31,62.69,37.31,68.24,31.76,56.35,43.65
E07000163,Craven,15.2,7.6,9.4,16.3,24.0,27.5,96.9,1.7,0.2,1.0,0.3,12.4,7.5,11.3,14.5,31.9,7.3,15.2,46.7,1.3,0.9,0.2,2.5,33.2,15.2,,,,,,12.50,13.01,74.49,12.26,14.87,72.87,12.23,11.18,76.59,67.24,32.76,75.25,24.75,59.60,40.40
E07000164,Hambleton,15.1,8.0,10.0,15.8,23.9,27.3,97.9,0.7,0.3,0.8,0.3,12.9,7.5,11.4,14.6,31.1,7.5,15.1,46.9,1.3,0.9,0.2,2.5,33.1,15.1,,,,,,16.34,12.42,71.24,15.96,15.25,68.79,16.41,9.32,74.26,67.60,32.40,69.71,30.29,65.30,34.70
E07000165,Harrogate,16.8,8.7,10.2,18.3,22.6,23.4,95.4,1.8,0.6,1.6,0.5,11.4,6.9,11.6,13.4,33.2,6.6,16.8,47.9,1.4,1.1,0.2,3.5,29.1,16.8,,,,,,15.43,14.03,70.54,15.44,17.57,66.99,15.09,10.31,74.60,58.90,41.10,59.27,40.73,58.57,41.43
E07000166,Richmondshire,16.1,10.3,11.8,16.2,22.2,23.4,94.4,2.7,0.9,0.9,1.1,12.9,7.8,12.2,15.6,27.5,7.7,16.1,48.7,1.5,0.8,0.2,2.3,30.2,16.1,,,,,,18.14,12.43,69.43,20.01,12.45,67.54,15.68,12.49,71.83,60.87,39.13,68.82,31.18,52.14,47.86
E07000167,Ryedale,15.3,7.8,9.7,16.0,23.6,27.7,98.2,0.6,0.2,0.8,0.3,15.0,8.0,12.3,13.8,28.0,7.6,15.3,46.6,1.3,0.9,0.1,2.6,33.2,15.3,,,,,,18.01,15.50,66.49,16.84,16.73,66.42,19.01,14.26,66.73,77.72,22.28,81.55,18.45,72.96,27.04
E07000168,Scarborough,15.3,8.1,10.6,15.7,22.9,27.5,97.0,1.3,0.3,1.0,0.5,17.4,8.5,12.0,14.2,23.3,9.2,15.3,41.8,2.0,1.0,0.2,2.7,37.0,15.3,,,,,,19.04,12.57,68.40,19.18,14.89,65.93,19.20,9.48,71.32,73.34,26.66,78.12,21.88,71.35,28.65
E07000169,Selby,18.0,8.3,12.4,18.7,22.2,20.4,97.7,0.8,0.2,1.0,0.4,13.1,8.4,12.0,14.9,26.3,7.3,18.0,49.1,1.6,1.0,0.3,2.5,27.5,18.0,,,,,,18.50,16.47,65.03,17.95,16.33,65.72,19.29,16.82,63.89,70.15,29.85,70.84,29.16,69.32,30.68
E07000170,Ashfield,18.6,9.2,13.0,18.6,20.9,19.7,95.1,1.6,1.2,1.6,0.4,19.2,9.7,12.8,14.6,17.6,7.6,18.6,45.4,2.2,0.9,0.3,2.6,30.1,18.6,43.1,34.3,17.6,4.6,0.2,21.18,16.79,62.03,21.18,20.14,58.67,20.70,13.17,66.13,77.48,22.52,76.78,23.22,78.60,21.40
E07000171,Bassetlaw,17.3,8.7,12.0,17.7,22.1,22.1,96.4,1.2,0.6,1.2,0.5,17.8,9.0,12.2,14.4,21.1,8.1,17.3,45.6,1.7,1.0,0.3,2.4,31.6,17.3,46.8,34.3,15.0,3.7,0.1,21.21,17.81,60.98,24.41,19.01,56.58,17.81,16.65,65.54,71.96,28.04,72.69,27.31,70.98,29.02
E07000172,Broxtowe,16.6,9.9,13.1,18.2,20.3,21.8,88.9,5.5,1.7,2.5,1.3,14.5,7.9,10.4,15.1,28.5,7.0,16.6,45.5,1.8,1.3,0.4,4.9,29.5,16.6,50.0,33.8,13.2,2.9,0.1,13.88,19.63,66.49,14.73,21.67,63.60,12.94,17.54,69.52,70.39,29.61,77.23,22.77,63.35,36.65
E07000173,Gedling,17.7,8.3,12.3,19.0,21.0,21.6,89.5,3.9,2.3,3.5,0.9,14.5,8.0,11.4,15.1,26.2,7.2,17.7,47.0,1.8,0.9,0.3,3.0,29.2,17.7,50.7,32.9,13.4,2.8,0.1,17.36,15.80,66.84,17.65,17.82,64.52,17.00,13.46,69.54,70.40,29.60,72.69,27.31,67.74,32.26
E07000174,Mansfield,18.4,8.7,13.7,19.0,20.9,19.3,94.8,2.0,1.1,1.4,0.7,19.8,9.5,12.0,14.3,18.0,7.9,18.4,45.5,2.0,1.0,0.3,2.4,30.4,18.4,42.5,34.6,17.6,5.1,0.2,27.90,14.59,57.51,27.63,15.65,56.72,27.47,13.80,58.73,67.77,32.23,74.03,25.97,62.05,37.95
E07000175,Newark and Sherwood,17.1,9.0,12.0,17.8,21.7,22.5,96.3,1.1,0.7,1.5,0.4,15.8,8.6,12.1,15.0,24.1,7.4,17.1,45.5,1.7,1.0,0.3,3.1,31.4,17.1,49.1,33.5,14.0,3.3,0.2,17.91,16.02,66.07,16.49,18.85,64.67,19.14,13.13,67.73,71.31,28.69,75.49,24.51,67.72,32.28
E07000176,Rushcliffe,17.9,9.6,10.8,19.4,20.6,21.6,89.7,5.7,0.9,2.8,0.9,9.8,5.8,9.8,14.0,37.1,5.4,17.9,46.6,1.4,1.3,0.4,4.8,27.7,17.9,58.4,30.5,9.5,1.5,0.0,11.78,16.93,71.29,12.89,17.25,69.86,10.43,15.94,73.63,65.50,34.50,72.96,27.04,55.55,44.45
E07000177,Cherwell,18.9,8.9,14.2,20.8,19.7,17.4,88.1,6.0,1.8,2.9,1.3,13.0,8.5,11.3,13.0,28.5,6.8,18.9,51.7,1.8,1.1,0.2,2.7,23.6,18.9,54.1,32.6,10.9,2.3,0.1,19.33,17.02,63.65,18.59,18.41,62.99,20.20,14.84,64.96,66.04,33.96,70.20,29.80,61.15,38.85
E07000178,Oxford,15.6,22.3,17.7,18.2,14.5,11.7,70.7,15.4,4.7,5.6,3.7,10.6,5.1,6.4,17.4,40.5,4.3,15.6,41.8,1.8,3.4,0.8,18.4,18.0,15.6,52.2,32.2,12.2,3.2,0.3,9.44,11.07,79.49,10.29,10.79,78.92,8.44,11.32,80.24,62.77,37.23,62.44,37.56,62.91,37.09
E07000179,South Oxfordshire,18.5,8.3,11.8,19.9,21.0,20.5,93.1,2.9,1.0,2.3,0.8,10.1,6.9,10.3,12.8,35.5,5.7,18.5,50.4,1.6,0.9,0.2,3.0,25.4,18.5,58.7,30.9,8.8,1.6,0.1,12.16,16.45,71.40,12.90,17.57,69.53,11.14,14.85,74.01,64.16,35.84,68.06,31.94,60.10,39.90
E07000180,Vale of White Horse,19.1,8.6,12.9,20.0,19.7,19.8,90.8,4.0,1.7,2.5,1.1,10.1,6.9,9.9,12.5,35.6,5.8,19.1,50.0,1.5,1.0,0.2,3.2,25.0,19.1,58.1,31.0,9.1,1.7,0.1,13.47,15.27,71.26,16.63,16.62,66.75,9.62,13.94,76.44,55.96,44.04,64.59,35.41,46.17,53.83
E07000181,West Oxfordshire,17.9,8.6,12.0,18.8,21.1,21.7,95.2,1.7,0.6,1.9,0.6,11.4,7.8,11.0,14.1,31.4,6.3,17.9,50.7,1.4,0.9,0.2,2.6,26.3,17.9,56.6,31.8,9.7,1.8,0.1,12.69,15.39,71.92,12.59,16.36,71.05,12.83,14.14,73.03,68.85,31.15,70.95,29.05,66.39,33.61
E07000187,Mendip,17.3,8.7,10.5,17.4,22.4,23.8,96.8,1.1,0.3,1.4,0.3,13.4,7.8,12.4,14.4,28.1,6.7,17.3,47.0,1.7,1.0,0.2,3.2,29.7,17.3,,,,,,14.70,17.95,67.35,15.41,18.07,66.53,13.82,17.34,68.84,71.67,28.33,68.68,31.32,74.60,25.40
E07000188,Sedgemoor,17.2,8.9,11.5,17.0,21.7,23.8,96.6,1.4,0.3,1.1,0.5,16.2,9.3,12.9,14.8,21.6,8.0,17.2,46.0,1.7,1.1,0.3,2.3,31.3,17.2,,,,,,20.72,18.76,60.52,22.28,18.41,59.31,19.09,18.93,61.98,74.67,25.33,79.14,20.86,69.58,30.42
E07000189,South Somerset,16.7,8.7,11.3,16.5,21.3,25.5,96.6,1.3,0.5,1.2,0.4,13.8,8.7,12.7,15.0,24.7,8.4,16.7,45.9,1.5,0.9,0.3,2.4,32.2,16.7,,,,,,16.61,16.97,66.42,15.95,18.12,65.93,16.99,15.87,67.15,70.99,29.01,74.45,25.55,66.75,33.25
E07000192,Cannock Chase,17.9,9.2,13.7,18.4,21.3,19.5,96.6,1.2,0.5,1.4,0.3,18.0,9.8,13.0,15.4,18.7,7.1,17.9,47.6,2.1,1.0,0.4,2.5,28.5,17.9,45.6,33.8,16.3,4.1,0.1,21.87,18.38,59.75,23.57,19.28,57.15,19.73,17.43,62.84,73.86,26.14,75.93,24.07,71.48,28.52
E07000193,East Staffordshire,19.0,9.5,13.5,19.0,20.4,18.6,86.3,9.3,1.1,2.2,1.1,16.3,8.7,11.8,13.8,23.2,7.3,19.0,46.6,1.9,1.2,0.4,3.1,27.9,19.0,49.4,33.9,13.4,3.1,0.2,21.03,18.63,60.33,23.42,18.23,58.35,18.40,19.09,62.52,74.61,25.39,81.57,18.43,67.44,32.56
E07000194,Lichfield,16.8,8.7,11.3,17.9,21.4,24.0,94.8,2.3,0.6,1.9,0.4,14.2,8.4,11.7,14.3,28.0,6.6,16.8,46.4,1.7,1.0,0.3,2.8,31.0,16.8,52.0,32.8,12.6,2.4,0.1,16.97,18.44,64.58,19.06,18.84,62.10,14.52,18.09,67.39,63.58,36.42,67.13,32.87,60.37,39.63
E07000195,Newcastle-under-Lyme,16.3,12.1,11.7,17.5,20.7,21.7,92.9,3.8,1.0,1.6,0.7,16.8,8.1,11.4,16.4,23.5,7.6,16.3,44.3,1.7,1.7,0.7,5.5,29.8,16.3,46.8,34.1,15.3,3.6,0.1,22.18,17.77,60.05,21.93,19.33,58.74,22.03,16.12,61.84,77.64,22.36,78.71,21.29,76.43,23.57
E07000196,South Staffordshire,15.5,8.7,10.9,17.1,22.7,25.1,93.8,2.8,0.9,2.0,0.5,16.3,8.6,12.2,14.9,24.8,7.7,15.5,45.0,1.8,0.9,0.3,2.7,33.9,15.5,50.3,33.6,13.4,2.6,0.1,22.13,18.92,58.95,25.66,22.02,52.32,17.59,14.97,67.43,70.66,29.34,74.42,25.58,65.47,34.53
E07000197,Stafford,17.0,8.3,12.0,18.3,21.5,23.0,93.4,3.0,1.1,1.9,0.7,13.1,7.8,11.7,14.4,29.1,6.9,17.0,46.8,1.6,1.2,0.3,2.7,30.4,17.0,53.0,32.7,11.8,2.4,0.1,17.11,17.21,65.68,18.27,19.55,62.18,15.83,15.10,69.06,63.73,36.27,69.35,30.65,58.56,41.44
E07000198,Staffordshire Moorlands,15.6,8.3,10.0,16.7,23.2,26.2,98.0,0.7,0.2,0.9,0.2,16.9,8.2,11.9,15.1,23.9,8.3,15.6,45.9,1.4,1.1,0.3,2.5,33.1,15.6,49.3,34.2,13.7,2.7,0.1,18.38,18.16,63.45,18.39,20.10,61.51,18.02,16.00,65.98,70.73,29.27,65.96,34.04,75.63,24.37
E07000199,Tamworth,18.9,9.6,13.6,19.1,19.8,19.0,95.8,1.4,0.6,1.9,0.4,17.7,10.5,13.6,14.9,17.7,6.6,18.9,47.3,2.2,1.2,0.5,2.6,27.4,18.9,45.7,34.6,15.9,3.7,0.1,22.92,16.36,60.72,23.09,17.97,58.94,22.89,13.83,63.29,72.78,27.22,74.48,25.52,71.00,29.00
E07000200,Babergh,16.2,8.3,9.8,16.9,22.2,26.6,96.7,0.9,0.5,1.5,0.4,14.6,9.4,13.1,14.5,24.7,7.4,16.2,45.5,1.7,1.0,0.3,2.7,32.6,16.2,51.2,34.8,11.6,2.3,0.1,15.44,14.41,70.15,17.73,15.91,66.36,12.70,12.93,74.37,64.67,35.33,67.07,32.93,62.25,37.75
E07000202,Ipswich,19.9,10.3,14.8,20.4,18.1,16.5,84.3,5.4,3.5,4.6,2.1,17.4,9.6,11.5,13.1,21.0,7.5,19.9,46.7,2.5,1.3,0.5,3.3,25.9,19.9,45.2,34.6,15.7,4.2,0.3,28.31,15.58,56.10,27.32,14.22,58.47,29.25,17.10,53.65,74.32,25.68,74.45,25.55,74.08,25.92
E07000203,Mid Suffolk,16.0,8.5,10.9,17.0,22.4,25.3,96.9,0.8,0.5,1.4,0.4,14.8,8.9,12.4,15.3,25.2,7.4,16.0,47.8,1.4,1.0,0.3,2.5,31.1,16.0,52.2,34.1,11.6,2.0,0.1,15.46,15.48,69.06,15.63,17.30,67.07,15.20,13.59,71.21,71.17,28.83,73.21,26.79,69.26,30.74
E07000207,Elmbridge,21.6,7.7,9.7,22.9,20.2,17.9,86.1,6.5,1.2,4.1,2.0,8.5,5.1,9.0,10.7,40.8,4.4,21.6,47.4,1.9,0.8,0.2,3.7,24.2,21.6,61.9,28.1,8.4,1.6,0.1,12.74,14.62,72.64,15.06,14.90,70.04,10.49,14.48,75.03,54.37,45.63,61.02,38.98,46.37,53.63
E07000208,Epsom and Ewell,20.2,9.3,10.9,22.2,19.4,18.1,79.5,11.4,1.9,4.4,2.8,10.2,6.3,10.1,12.5,35.4,5.3,20.2,48.2,1.8,1.1,0.4,4.2,24.1,20.2,57.6,30.6,9.8,1.9,0.2,13.56,16.32,70.12,12.43,19.29,68.27,14.25,13.18,72.57,63.92,36.08,70.84,29.16,56.16,43.84
E07000209,Guildford,16.9,15.6,12.0,19.1,18.9,17.5,86.9,6.7,1.5,3.1,1.9,9.4,6.0,9.4,16.4,36.6,5.2,16.9,46.4,1.7,2.2,0.8,8.8,23.2,16.9,57.7,30.7,9.5,1.9,0.2,12.79,15.90,71.30,13.85,18.12,68.04,11.82,13.84,74.35,62.63,37.37,71.70,28.30,53.09,46.91
E07000210,Mole Valley,17.2,8.3,9.4,18.8,22.5,23.8,92.7,3.0,0.8,2.5,0.9,10.2,7.1,11.3,12.8,35.7,5.7,17.2,47.5,1.7,0.9,0.2,3.2,29.2,17.2,56.7,31.0,9.9,2.1,0.2,14.87,15.42,69.72,15.77,17.62,66.61,13.84,12.89,73.26,64.80,35.20,70.87,29.13,56.89,43.11
E07000211,Reigate and Banstead,20.4,8.2,12.5,21.7,19.5,17.7,84.4,7.5,2.9,3.7,1.4,10.5,7.3,11.3,13.0,32.0,5.5,20.4,48.8,1.9,1.0,0.3,2.9,24.7,20.4,57.1,30.8,9.9,2.1,0.2,15.80,18.21,65.99,16.00,19.77,64.23,14.70,16.40,68.90,65.59,34.41,64.06,35.94,66.97,33.03
E07000212,Runnymede,17.4,14.8,12.1,19.7,18.7,17.2,83.5,9.2,1.8,3.5,1.9,12.0,7.4,10.4,17.6,29.1,6.1,17.4,46.0,2.1,2.2,0.9,8.1,23.2,17.4,53.4,32.5,11.8,2.2,0.1,13.90,17.93,68.16,17.42,15.61,66.97,10.58,19.65,69.78,71.35,28.65,72.38,27.62,69.66,30.34
E07000213,Spelthorne,19.0,8.7,13.1,21.3,19.9,18.1,78.7,12.8,2.5,3.7,2.4,13.6,9.0,11.7,12.8,27.2,6.7,19.0,49.1,2.5,1.0,0.4,2.9,25.1,19.0,50.9,33.6,12.6,2.7,0.2,19.02,17.74,63.25,19.34,19.60,61.06,18.49,16.09,65.42,65.72,34.28,66.70,33.30,64.72,35.28
E07000214,Surrey Heath,18.4,8.9,11.4,20.4,21.2,19.7,85.0,8.9,1.6,2.7,1.8,10.7,7.8,11.7,13.7,32.0,5.8,18.4,49.1,2.0,1.1,0.3,3.1,26.0,18.4,57.9,31.1,9.1,1.7,0.1,14.36,14.97,70.67,16.53,15.51,67.96,11.49,14.71,73.80,59.02,40.98,64.43,35.57,53.11,46.89
E07000215,Tandridge,19.4,8.8,10.2,19.6,21.2,20.9,89.4,3.7,2.2,3.8,0.9,11.1,7.6,12.2,14.0,30.2,5.5,19.4,47.6,1.9,0.8,0.3,3.3,26.7,19.4,56.0,31.6,10.1,2.1,0.1,13.74,17.10,69.16,13.29,20.22,66.49,13.28,14.25,72.47,65.94,34.06,69.08,30.92,62.49,37.51
E07000216,Waverley,19.2,9.3,9.2,19.9,20.7,21.8,93.7,2.8,0.7,2.2,0.6,9.2,5.9,10.6,12.3,37.7,5.1,19.2,46.3,1.5,1.1,0.3,4.5,27.1,19.2,59.5,29.9,8.8,1.6,0.1,11.80,14.77,73.44,13.55,15.62,70.82,9.55,13.88,76.57,62.83,37.17,59.66,40.34,65.98,34.02
E07000217,Woking,20.2,8.6,13.2,22.8,18.6,16.6,78.4,14.2,1.8,3.5,2.1,10.6,6.7,9.9,11.7,35.7,5.2,20.2,49.6,2.1,1.2,0.3,3.1,23.6,20.2,56.2,31.0,10.4,2.2,0.2,15.58,16.24,68.19,18.23,19.74,62.02,12.73,12.47,74.80,57.12,42.88,61.44,38.56,52.27,47.73
E07000218,North Warwickshire,17.1,8.8,12.0,17.8,22.4,21.9,96.1,1.3,0.6,1.7,0.3,18.4,9.6,12.7,14.6,20.6,7.1,17.1,47.9,2.0,0.9,0.3,2.6,29.2,17.1,47.3,34.9,14.5,3.2,0.1,19.22,21.37,59.40,22.04,21.35,56.61,16.13,21.49,62.38,77.13,22.87,77.22,22.78,77.18,22.82
E07000219,Nuneaton and Bedworth,19.1,9.3,13.8,18.9,19.9,19.1,87.1,8.0,1.8,1.8,1.2,18.3,9.6,12.1,13.7,19.8,7.3,19.1,46.0,2.2,1.1,0.3,2.9,28.4,19.1,45.1,34.6,16.0,4.1,0.3,21.96,21.80,56.24,22.67,24.68,52.65,21.26,19.07,59.68,72.54,27.46,80.13,19.87,65.42,34.58
E07000220,Rugby,19.4,9.0,13.6,20.6,19.2,18.2,85.7,7.6,2.7,2.8,1.1,12.6,7.8,11.3,13.3,28.1,7.4,19.4,49.5,1.7,1.3,0.3,3.1,24.7,19.4,53.4,33.1,11.1,2.4,0.1,20.35,19.56,60.10,21.26,24.06,54.68,19.34,15.09,65.57,66.94,33.06,69.27,30.73,64.61,35.39
E07000221,Stratford-on-Avon,16.4,7.7,10.5,17.7,22.5,25.2,95.5,1.9,0.4,1.7,0.5,12.0,7.3,11.2,13.8,33.0,6.3,16.4,48.3,1.5,0.9,0.2,2.7,30.1,16.4,56.5,31.8,9.8,1.9,0.1,13.87,17.52,68.61,17.29,16.82,65.89,9.77,18.39,71.85,69.63,30.37,76.80,23.20,61.99,38.01
E07000222,Warwick,17.0,12.4,13.5,19.5,18.7,18.9,84.6,9.7,1.1,3.0,1.6,10.5,6.1,8.9,14.7,37.5,5.3,17.0,47.4,1.8,1.6,0.5,7.1,24.6,17.0,57.4,30.2,9.9,2.2,0.2,13.09,13.39,73.52,14.58,15.17,70.25,11.79,11.81,76.39,62.53,37.47,62.60,37.40,63.85,36.15
E07000223,Adur,18.0,8.0,10.6,19.5,20.4,23.6,93.4,2.2,0.8,2.5,1.1,16.0,9.4,12.3,14.0,22.9,7.4,18.0,45.3,1.9,0.9,0.3,2.9,30.7,18.0,45.5,35.7,15.2,3.4,0.3,15.25,15.01,69.74,15.39,15.87,68.74,14.61,14.09,71.30,69.21,30.79,68.74,31.26,69.36,30.64
E07000224,Arun,15.4,8.2,10.8,16.4,20.9,28.4,95.8,1.6,0.5,1.5,0.6,16.7,9.8,12.9,14.5,22.3,8.3,15.4,43.3,1.9,1.1,0.3,2.6,35.4,15.4,45.9,36.5,14.5,2.9,0.3,16.35,19.76,63.89,17.77,19.76,62.47,14.53,19.79,65.68,73.76,26.24,78.02,21.98,69.00,31.00
E07000225,Chichester,15.6,9.5,10.1,16.2,21.5,27.1,95.4,1.7,0.6,1.6,0.5,12.5,7.5,11.6,15.0,31.4,6.4,15.6,44.1,1.7,1.3,0.5,3.8,33.0,15.6,53.5,33.3,10.9,2.2,0.1,14.55,12.90,72.55,12.95,13.92,73.13,16.21,11.60,72.19,64.45,35.55,73.90,26.10,53.89,46.11
E07000226,Crawley,21.0,9.9,15.7,22.4,17.7,13.3,73.4,15.4,4.5,4.1,2.7,14.1,10.5,12.9,13.0,21.8,6.8,21.0,48.6,3.5,1.1,0.4,3.3,22.1,21.0,46.0,34.7,15.2,3.8,0.3,20.91,18.25,60.85,21.46,19.66,58.87,20.42,16.99,62.60,64.10,35.90,70.04,29.96,59.11,40.89
E07000227,Horsham,17.8,8.3,10.9,18.5,21.8,22.8,93.6,2.7,0.9,2.1,0.6,10.3,7.8,12.8,14.9,30.4,6.1,17.8,48.2,1.7,0.9,0.3,2.9,28.1,17.8,56.7,31.7,9.7,1.7,0.1,12.36,13.78,73.86,9.29,15.22,75.49,15.59,12.06,72.35,60.51,39.49,66.06,33.94,54.60,45.40
E07000228,Mid Sussex,19.2,8.2,11.0,20.6,20.3,20.6,92.2,3.6,0.9,2.5,0.8,9.5,7.5,12.1,14.6,31.3,5.8,19.2,49.2,1.7,1.0,0.3,2.9,25.8,19.2,57.3,31.3,9.6,1.7,0.1,13.55,13.41,73.04,12.84,13.42,73.74,14.27,13.17,72.56,59.25,40.75,61.45,38.55,57.04,42.96
E07000229,Worthing,17.0,8.5,12.0,19.5,20.5,22.4,91.4,3.9,1.2,2.6,1.0,13.5,8.9,12.6,14.7,26.3,6.9,17.0,46.9,2.1,1.2,0.4,2.7,29.7,17.0,47.8,34.8,13.9,3.2,0.4,15.21,16.02,68.77,14.20,17.41,68.39,15.58,14.49,69.93,66.89,33.11,68.15,31.85,65.52,34.48
E07000234,Bromsgrove,18.2,8.5,10.4,18.6,21.4,22.9,93.1,3.2,0.8,2.4,0.5,12.8,7.4,11.5,13.6,29.9,6.5,18.2,46.7,1.7,0.9,0.3,3.2,28.9,18.2,54.7,32.0,11.0,2.1,0.1,14.59,19.28,66.13,15.35,20.97,63.69,13.91,17.57,68.52,63.25,36.75,61.43,38.57,65.27,34.73
E07000235,Malvern Hills,15.6,8.3,9.0,15.8,23.3,28.0,96.6,1.3,0.3,1.4,0.3,12.3,7.3,11.8,13.6,32.7,6.8,15.6,44.2,1.7,0.8,0.2,3.4,34.1,15.6,52.7,33.4,11.8,2.1,0.1,17.35,18.60,64.04,15.59,17.70,66.71,19.43,19.72,60.86,67.24,32.76,64.47,35.53,70.27,29.73
E07000236,Redditch,19.3,9.3,14.0,20.0,18.9,18.6,89.8,5.7,1.2,2.6,0.6,16.8,9.4,12.7,13.9,20.9,7.1,19.3,48.0,2.2,1.0,0.3,2.8,26.4,19.3,46.9,34.4,14.8,3.7,0.3,23.05,20.75,56.19,22.31,23.98,53.71,23.56,17.11,59.34,72.17,27.83,76.80,23.20,67.52,32.48
E07000237,Worcester,17.6,12.1,14.0,19.3,19.4,17.6,90.0,5.6,1.2,2.2,1.0,14.3,7.6,11.1,15.1,27.8,6.5,17.6,47.7,2.2,2.0,0.6,4.7,25.2,17.6,50.1,33.1,13.1,3.5,0.2,20.65,17.30,62.05,20.18,18.41,61.41,21.03,16.64,62.32,71.68,28.32,77.53,22.47,64.29,35.71
E07000238,Wychavon,16.4,8.1,10.9,17.5,22.2,24.9,96.9,1.1,0.3,1.2,0.5,14.7,8.5,11.6,13.9,27.6,7.2,16.4,47.2,1.6,0.9,0.2,2.7,31.0,16.4,51.7,33.7,12.1,2.4,0.1,15.75,16.64,67.61,15.09,18.35,66.57,15.87,15.07,69.06,71.41,28.59,76.56,23.44,65.19,34.81
E07000239,Wyre Forest,16.8,8.5,11.1,17.1,21.3,25.3,95.9,1.9,0.4,1.4,0.4,18.1,8.9,12.5,14.2,21.7,7.8,16.8,44.2,2.1,0.9,0.3,2.7,33.0,16.8,45.9,34.8,15.3,3.8,0.2,20.70,19.81,59.49,20.62,20.96,58.42,20.71,18.44,60.85,70.83,29.17,78.71,21.29,60.82,39.18
E07000240,St Albans,21.7,8.2,10.9,22.4,19.7,17.2,83.6,8.2,2.1,4.3,1.8,8.0,5.2,9.0,10.3,41.5,4.4,21.6,48.1,1.8,1.1,0.3,3.7,23.5,21.6,60.6,28.9,8.5,1.8,0.1,11.76,14.08,74.16,11.35,16.61,72.04,11.73,11.79,76.48,57.23,42.77,61.16,38.84,53.37,46.63
E07000241,Welwyn Hatfield,18.7,14.4,13.3,19.8,18.1,15.7,78.7,8.8,6.1,4.1,2.3,11.7,7.5,10.5,15.5,30.4,5.9,18.7,45.5,1.9,3.0,1.2,7.2,22.4,18.7,51.5,33.3,12.4,2.7,0.2,17.96,16.78,65.25,18.75,16.55,64.71,16.72,17.49,65.80,67.00,33.00,68.97,31.03,64.78,35.22
E07000242,East Hertfordshire,19.3,8.8,12.3,20.5,20.9,18.2,92.3,2.7,1.3,2.8,0.9,11.2,7.6,11.6,13.6,31.1,5.6,19.3,50.1,1.8,0.9,0.3,3.2,24.4,19.3,57.1,31.0,10.0,1.8,0.1,13.76,12.76,73.47,13.32,14.65,72.04,13.91,10.67,75.42,55.92,44.08,55.69,44.31,56.08,43.92
E07000243,Stevenage,20.4,9.5,15.1,20.4,19.5,15.1,82.8,7.5,4.8,3.6,1.3,13.5,10.3,12.2,13.6,23.6,6.4,20.4,49.5,2.2,1.3,0.4,2.8,23.3,20.4,47.7,33.6,14.7,3.6,0.3,22.51,17.74,59.75,21.95,19.27,58.78,23.34,15.20,61.46,64.14,35.86,66.36,33.64,61.61,38.39
E07000244,East Suffolk,16.0,8.3,10.0,16.1,21.9,27.8,96.2,1.4,0.6,1.5,0.4,16.3,9.5,12.6,14.2,23.2,8.3,16.0,42.4,1.9,0.9,0.3,2.6,36.0,16.0,46.9,35.5,14.2,3.2,0.2,14.39,17.70,67.92,14.53,19.55,65.91,14.08,15.60,70.32,63.98,36.02,71.97,28.03,53.24,46.76
E07000245,West Suffolk,17.7,9.7,14.2,18.5,19.2,20.8,91.8,2.6,1.6,2.7,1.3,17.2,8.9,11.6,13.3,23.5,7.9,17.7,48.7,1.7,1.1,0.3,2.5,28.0,17.7,49.3,35.9,12.2,2.4,0.1,20.46,13.83,65.71,23.56,14.28,62.16,16.51,13.39,70.10,64.15,35.85,70.99,29.01,53.93,46.07
E07000246,Somerset West and Taunton,16.6,8.4,11.2,16.9,21.2,25.7,95.6,2.0,0.5,1.3,0.5,13.7,8.0,12.8,14.4,27.1,7.4,16.6,45.6,1.6,1.0,0.3,2.6,32.4,16.6,,,,,,14.71,17.32,67.97,15.11,16.44,68.45,14.06,17.73,68.21,67.99,32.01,71.07,28.93,65.08,34.92
E08000001,Bolton,21.5,10.5,12.8,19.3,18.8,17.1,71.9,20.1,3.8,2.2,1.9,17.7,8.4,10.9,12.9,21.5,7.0,21.5,41.1,2.6,1.3,0.5,4.3,28.7,21.5,43.2,34.1,17.2,5.3,0.3,28.95,17.96,53.09,29.75,18.76,51.49,28.02,17.18,54.80,73.18,26.82,74.71,25.29,71.25,28.75
E08000002,Bury,20.1,9.4,12.9,19.6,19.7,18.3,82.9,10.6,1.9,2.6,1.9,14.8,7.8,11.7,13.2,25.8,6.6,20.1,44.5,2.2,1.1,0.4,3.9,27.8,20.1,47.5,33.6,14.7,4.0,0.2,19.19,16.99,63.83,19.54,16.83,63.63,18.04,17.49,64.47,68.91,31.09,70.24,29.76,68.59,31.41
E08000003,Manchester,20.7,17.7,18.2,19.7,14.3,9.5,56.8,20.9,11.9,5.3,5.1,15.6,6.3,8.2,14.4,29.9,4.9,20.7,39.9,3.2,2.6,1.3,10.4,22.0,20.7,43.6,32.8,17.2,6.0,0.4,22.30,15.90,61.80,22.17,17.69,60.14,21.97,13.89,64.14,67.34,32.66,69.05,30.95,65.36,34.64
E08000004,Oldham,22.7,11.1,13.1,19.1,18.1,16.0,68.1,24.6,3.4,2.5,1.4,19.1,8.5,10.7,12.7,19.0,7.1,22.7,39.4,2.7,1.1,0.5,4.8,28.7,22.7,40.9,34.7,18.2,5.9,0.3,27.56,17.64,54.80,27.14,18.45,54.42,27.06,17.16,55.79,69.31,30.69,70.02,29.98,67.91,32.09
E08000005,Rochdale,21.8,10.1,13.4,19.4,18.8,16.5,74.0,18.5,3.5,2.4,1.6,18.2,8.2,11.0,13.2,20.7,7.0,21.8,41.1,2.5,1.1,0.4,4.2,28.8,21.8,42.7,34.1,17.3,5.6,0.3,26.73,17.49,55.78,29.21,18.93,51.86,23.53,15.98,60.49,75.03,24.97,76.86,23.14,72.29,27.71
E08000006,Salford,19.6,13.0,18.8,19.2,16.0,13.3,82.3,5.5,6.1,3.1,2.9,15.9,7.4,10.1,13.7,26.9,6.4,19.6,45.3,2.9,1.9,0.9,5.4,24.0,19.6,46.4,32.3,15.8,5.2,0.3,23.17,16.56,60.27,25.63,18.70,55.67,19.77,14.79,65.44,67.84,32.16,71.02,28.98,64.05,35.95
E08000007,Stockport,18.9,8.4,12.6,20.0,19.9,20.1,87.4,7.3,1.2,2.6,1.6,12.6,7.4,11.0,13.1,30.4,6.6,18.9,46.5,2.0,0.9,0.3,3.2,28.2,18.9,51.3,32.2,13.0,3.4,0.2,18.00,15.87,66.14,19.84,18.31,61.85,16.07,13.48,70.45,62.77,37.23,65.84,34.16,59.61,40.39
E08000008,Tameside,19.9,9.4,13.6,19.4,20.2,17.5,85.5,9.2,2.3,2.1,0.8,17.5,9.0,12.1,14.2,19.6,7.7,19.9,44.7,2.4,1.0,0.4,3.3,28.3,19.9,43.2,34.2,17.1,5.2,0.3,24.52,18.09,57.39,26.93,19.45,53.62,21.45,16.50,62.06,74.69,25.31,75.06,24.94,74.25,25.75
E08000009,Trafford,20.8,8.8,11.7,21.8,19.3,17.6,77.8,12.6,3.4,3.8,2.5,11.1,6.5,10.0,12.0,34.0,5.6,20.8,46.4,2.0,1.1,0.3,3.9,25.5,20.8,53.9,30.9,12.1,3.0,0.1,16.99,16.70,66.30,17.56,16.59,65.86,16.49,16.83,66.68,60.74,39.26,61.69,38.31,59.24,40.76
E08000010,Wigan,18.4,9.3,13.3,19.1,20.6,19.3,95.0,1.8,1.2,1.3,0.7,17.2,8.6,12.6,14.4,21.1,7.8,18.4,45.8,2.2,1.1,0.4,2.9,29.2,18.4,46.6,32.8,16.0,4.5,0.2,24.26,17.53,58.22,25.70,21.38,52.92,22.61,13.68,63.71,74.57,25.43,81.00,19.00,68.37,31.63
E08000011,Knowsley,19.6,9.8,14.4,17.9,21.3,17.0,95.3,1.6,0.8,1.7,0.6,21.1,8.5,11.6,13.9,19.1,6.2,19.6,43.9,2.5,1.1,0.3,3.3,29.3,19.6,40.8,32.3,19.2,7.3,0.3,26.50,19.56,53.94,30.19,22.58,47.23,22.29,16.47,61.24,70.26,29.74,74.24,25.76,66.40,33.60
E08000012,Liverpool,17.1,16.1,15.5,18.0,18.0,15.3,84.0,5.7,3.5,3.5,3.3,18.5,7.2,9.5,16.6,25.5,5.5,17.1,39.9,2.9,2.4,1.1,9.1,27.5,17.1,41.6,32.7,18.5,6.9,0.3,21.31,16.74,61.95,24.60,18.04,57.36,17.71,15.55,66.75,67.72,32.28,71.31,28.69,63.90,36.10
E08000013,St. Helens,17.8,9.1,13.0,18.7,20.9,20.5,96.5,1.4,0.4,1.1,0.6,17.6,8.5,12.0,14.3,22.3,7.4,17.8,44.1,2.2,1.0,0.3,2.9,31.6,17.8,44.2,33.4,17.1,5.1,0.2,21.61,18.84,59.55,23.18,19.72,57.10,19.46,17.73,62.81,76.19,23.81,80.42,19.58,71.17,28.83
E08000014,Sefton,16.8,8.8,11.6,17.6,22.1,23.2,95.8,1.5,0.5,1.5,0.7,16.4,8.6,11.7,14.5,24.9,7.1,16.8,43.5,2.2,1.1,0.3,3.2,32.8,16.8,45.2,34.0,16.1,4.4,0.2,21.06,17.58,61.36,21.21,20.08,58.71,20.09,15.21,64.70,63.30,36.70,67.97,32.03,58.86,41.14
E08000015,Wirral,18.1,8.9,11.7,17.9,21.4,22.0,95.2,2.3,0.4,1.5,0.6,14.6,7.9,12.0,14.6,25.7,6.9,18.1,42.6,2.0,1.0,0.3,3.5,32.5,18.1,45.7,33.4,16.0,4.6,0.2,18.44,17.82,63.74,19.34,19.43,61.23,16.75,16.32,66.93,70.21,29.79,74.66,25.34,64.57,35.43
E08000016,Barnsley,18.3,9.0,13.5,18.3,21.4,19.5,96.9,0.9,0.7,0.9,0.5,20.6,8.8,11.8,13.8,19.1,7.5,18.3,44.8,2.1,0.9,0.3,2.7,30.9,18.3,42.8,33.9,17.7,5.4,0.2,25.71,16.52,57.77,27.42,17.17,55.41,23.81,15.88,60.30,78.11,21.89,78.13,21.87,78.07,21.93
E08000017,Doncaster,18.6,9.4,13.6,18.4,20.6,19.4,93.1,2.9,1.2,1.5,1.2,20.1,9.3,12.3,13.5,18.5,7.8,18.6,43.8,2.4,0.9,0.3,2.9,31.1,18.6,43.7,34.7,16.7,4.6,0.2,24.74,17.02,58.24,25.68,19.05,55.27,23.48,14.78,61.74,74.34,25.66,80.43,19.57,67.39,32.61
E08000018,Rotherham,18.9,9.6,13.0,18.4,20.5,19.6,91.0,5.3,1.1,1.5,1.1,19.0,9.2,12.6,13.9,18.7,7.6,18.9,43.4,2.2,1.0,0.3,3.1,31.1,18.9,43.6,33.9,17.4,4.8,0.2,22.12,18.53,59.35,22.97,20.19,56.84,20.71,16.66,62.62,73.13,26.87,80.51,19.49,65.46,34.54
E08000019,Sheffield,18.0,14.8,14.3,17.9,18.0,17.0,79.1,9.6,4.6,3.5,3.2,15.9,7.4,9.6,15.2,27.3,6.4,18.0,41.3,2.3,2.2,1.0,8.1,27.1,18.0,45.4,34.0,15.8,4.6,0.3,19.63,17.35,63.02,21.93,19.55,58.52,17.17,15.26,67.57,66.89,33.11,70.02,29.98,63.78,36.22
E08000021,Newcastle upon Tyne,17.2,19.0,14.9,17.5,16.5,14.8,80.0,11.4,3.3,2.3,3.1,15.4,6.6,8.6,17.6,28.7,5.9,17.2,38.6,2.5,3.1,1.4,11.4,25.8,17.2,46.2,32.7,15.8,5.0,0.2,18.02,14.37,67.61,19.25,14.72,66.03,16.28,14.13,69.58,65.87,34.13,68.43,31.57,63.13,36.87
E08000022,North Tyneside,17.9,8.4,12.5,19.9,20.8,20.5,94.9,2.6,0.6,1.4,0.6,14.3,7.7,11.6,13.9,27.0,7.6,17.9,45.6,2.3,1.0,0.4,2.9,29.9,17.9,49.4,32.5,14.3,3.7,0.1,14.82,19.09,66.08,15.45,20.10,64.45,14.23,18.11,67.67,66.99,33.01,65.94,34.06,68.34,31.66
E08000023,South Tyneside,17.9,8.9,12.5,18.0,21.7,20.9,94.4,2.9,0.5,1.4,0.8,16.8,8.3,11.8,15.1,21.5,8.6,17.9,41.4,3.1,0.9,0.4,3.4,32.8,17.9,43.3,34.1,17.5,4.9,0.2,22.77,17.45,59.78,22.63,20.51,56.86,22.12,14.25,63.63,73.58,26.42,81.57,18.43,64.73,35.27
E08000024,Sunderland,17.5,9.8,12.8,18.1,21.3,20.5,94.6,3.0,1.0,0.9,0.5,18.8,8.9,12.2,14.1,20.3,8.1,17.5,41.6,2.7,1.1,0.6,3.8,32.7,17.5,41.5,34.7,18.1,5.4,0.2,21.45,18.72,59.83,23.48,20.30,56.22,18.65,16.74,64.61,76.12,23.88,77.28,22.72,75.29,24.71
E08000025,Birmingham,22.3,14.3,14.6,19.4,16.2,13.1,48.6,31.0,11.0,4.8,4.5,18.5,7.9,9.7,13.3,23.2,5.1,22.3,36.8,3.7,1.8,0.9,7.8,26.7,22.3,40.4,34.7,18.6,5.9,0.4,26.37,18.57,55.06,29.44,20.72,49.84,23.07,16.53,60.40,71.79,28.21,77.12,22.88,66.54,33.46
E08000026,Coventry,19.8,15.4,14.5,19.1,16.6,14.6,65.5,18.5,8.9,3.4,3.7,15.5,8.0,10.1,15.2,24.5,6.8,19.8,40.9,2.7,2.6,1.2,8.4,24.4,19.8,45.0,34.0,16.0,4.6,0.4,22.75,18.99,58.26,21.72,20.62,57.65,23.55,17.31,59.14,71.25,28.75,75.96,24.04,66.33,33.67
E08000027,Dudley,18.9,9.6,12.9,18.3,19.9,20.4,84.9,8.4,2.5,2.8,1.4,18.7,8.8,12.2,13.9,20.3,7.2,18.9,43.8,2.6,0.9,0.4,3.4,30.0,18.9,44.2,34.5,16.9,4.3,0.2,23.84,20.97,55.19,25.58,21.14,53.28,21.89,19.46,58.64,73.34,26.66,75.15,24.85,69.23,30.77
E08000028,Sandwell,22.2,11.0,13.9,20.5,17.9,14.5,57.2,25.8,8.7,4.3,4.0,22.5,8.9,10.6,11.5,17.6,6.6,22.2,40.0,3.5,1.3,0.6,4.8,27.6,22.2,37.9,35.4,20.1,6.3,0.3,32.63,18.66,48.71,33.38,17.65,48.97,31.90,19.99,48.12,74.99,25.01,75.65,24.35,74.26,25.74
E08000029,Solihull,19.3,9.2,11.6,18.5,20.4,21.1,82.2,11.0,1.8,3.5,1.5,14.2,7.7,11.4,13.1,28.6,5.7,19.3,44.4,2.2,0.9,0.3,3.5,29.3,19.3,50.7,32.3,13.5,3.3,0.2,17.54,15.31,67.15,16.67,17.89,65.43,18.50,12.60,68.90,64.04,35.96,69.11,30.89,59.04,40.96
E08000030,Walsall,21.5,10.5,13.2,18.9,18.5,17.4,71.3,18.7,4.6,3.3,2.1,20.7,9.0,11.2,12.3,18.6,6.7,21.5,40.6,3.0,1.1,0.5,4.3,29.0,21.5,40.2,35.0,18.9,5.6,0.3,28.34,21.34,50.32,32.13,23.58,44.29,24.22,19.06,56.72,77.69,22.31,78.82,21.18,76.44,23.56
E08000031,Wolverhampton,21.0,10.6,13.6,20.0,18.4,16.4,60.6,21.2,9.3,5.3,3.6,20.0,8.7,10.9,11.9,20.7,6.8,21.0,40.8,3.7,1.4,0.7,4.6,27.8,21.0,40.3,35.2,18.7,5.4,0.3,27.76,17.41,54.84,29.23,16.93,53.84,25.84,17.98,56.18,74.26,25.74,76.89,23.11,71.30,28.70
E08000032,Bradford,22.8,11.5,13.3,19.7,17.4,15.2,61.1,32.1,2.0,2.7,2.0,18.5,8.4,10.5,12.1,21.2,6.4,22.8,39.3,2.8,1.2,0.5,5.1,28.3,22.8,43.0,34.4,16.8,5.4,0.4,25.76,17.44,56.80,27.51,19.13,53.35,24.01,16.06,59.93,72.76,27.24,75.98,24.02,69.70,30.30
E08000033,Calderdale,19.4,9.3,12.1,19.1,21.2,19.0,86.1,10.5,0.7,1.9,0.8,15.5,7.9,11.3,14.1,24.9,7.0,19.4,44.2,2.3,1.0,0.3,3.5,29.4,19.4,47.8,33.1,14.8,4.1,0.2,21.21,15.50,63.29,22.37,18.24,59.39,20.06,12.47,67.47,75.49,24.51,72.93,27.07,77.63,22.37
E08000034,Kirklees,20.1,10.9,12.7,19.3,19.4,17.7,73.6,19.4,2.3,3.1,1.5,16.6,7.8,10.6,13.9,23.9,7.1,20.1,42.5,2.3,1.3,0.5,4.7,28.6,20.1,46.6,33.5,15.2,4.4,0.3,24.45,17.34,58.21,25.92,17.43,56.65,23.03,17.36,59.60,72.81,27.19,73.73,26.27,71.83,28.17
E08000035,Leeds,18.9,14.0,14.9,19.4,17.2,15.6,79.0,9.7,5.6,3.4,2.3,14.7,7.4,9.8,14.9,28.1,6.2,18.9,44.1,2.4,2.0,0.9,7.0,24.7,18.9,48.3,32.9,14.4,4.1,0.3,18.24,15.79,65.97,19.18,17.31,63.51,16.96,14.30,68.73,65.83,34.17,64.15,35.85,67.69,32.31
E08000036,Wakefield,18.6,9.0,13.9,19.0,20.6,18.8,93.0,3.6,1.3,1.4,0.7,19.9,8.8,12.2,13.2,19.8,7.6,18.6,45.7,2.1,0.9,0.3,2.7,29.7,18.6,44.7,33.8,16.5,4.7,0.2,21.02,17.74,61.24,23.43,21.28,55.29,18.25,13.78,67.97,72.68,27.32,78.11,21.89,66.75,33.25
E08000037,Gateshead,17.5,9.4,13.2,18.8,20.8,20.3,93.5,2.5,1.1,1.2,1.6,17.8,8.2,11.4,14.0,23.1,8.0,17.5,43.5,2.6,1.1,0.5,3.6,31.2,17.5,44.8,33.4,16.7,4.9,0.2,20.11,18.40,61.49,21.99,18.77,59.24,17.65,18.52,63.83,68.31,31.69,77.08,22.92,60.23,39.77
E09000001,City of London,6.7,13.4,25.8,21.2,18.8,14.1,69.4,16.8,2.7,5.5,5.6,6.2,2.6,4.6,8.2,69.2,2.5,6.7,61.4,3.3,0.9,0.5,8.4,18.7,6.7,59.8,31.5,7.1,1.5,0.2,16.93,17.40,65.67,,,,,,,,,,,,
E09000002,Barking and Dagenham,26.1,11.4,15.2,23.1,15.4,8.7,44.9,25.9,21.4,4.3,3.6,16.8,7.7,9.3,10.0,24.6,5.6,26.1,41.2,3.5,2.0,0.7,5.8,20.7,26.1,37.6,37.1,19.1,5.9,0.4,28.04,17.76,54.20,30.04,20.17,49.79,24.55,15.67,59.79,77.90,22.10,80.39,19.61,74.86,25.14
E09000003,Barnet,20.5,10.0,15.0,22.7,17.4,14.4,57.7,19.3,7.9,5.4,9.8,12.3,5.5,7.9,9.9,38.9,5.0,20.5,46.4,3.0,1.4,0.5,5.6,22.6,20.5,49.6,33.0,13.3,3.6,0.4,17.66,19.35,62.98,18.25,18.98,62.77,17.11,19.49,63.40,62.70,37.30,63.03,36.97,62.44,37.56
E09000004,Bexley,20.5,10.0,13.0,20.6,19.3,16.6,71.9,9.9,12.2,3.5,2.5,14.4,8.7,11.6,13.2,25.1,6.5,20.5,46.6,2.5,1.3,0.4,4.1,24.5,20.5,48.5,34.2,13.9,3.1,0.2,23.51,20.51,55.98,24.25,22.41,53.34,22.62,18.44,58.95,68.54,31.46,71.59,28.41,63.73,36.27
E09000005,Brent,19.0,12.1,17.4,22.4,17.4,11.6,34.6,32.8,17.5,5.1,10.0,17.6,7.1,7.7,10.1,32.4,6.1,19.0,45.5,3.7,1.9,0.7,6.5,22.7,19.0,39.9,36.5,17.7,5.3,0.5,23.68,18.76,57.56,22.51,21.52,55.97,25.03,16.11,58.86,73.52,26.48,78.95,21.05,66.60,33.40
E09000006,Bromley,19.7,8.5,12.3,22.3,19.6,17.6,76.5,8.3,7.6,5.4,2.3,11.1,7.0,10.7,11.9,34.4,5.2,19.7,48.2,2.4,0.9,0.3,3.6,24.8,19.7,54.6,31.2,11.3,2.6,0.2,13.21,16.17,70.62,14.34,16.98,68.69,10.98,15.76,73.26,58.34,41.66,61.02,38.98,54.82,45.18
E09000007,Camden,15.3,15.2,20.2,21.1,16.3,11.8,59.5,18.1,9.0,6.6,6.8,10.0,4.3,6.1,12.0,48.5,3.9,15.3,46.8,3.4,1.9,0.9,10.5,21.1,15.3,47.5,31.9,14.6,5.3,0.7,16.15,11.91,71.95,17.90,10.50,71.60,14.20,13.32,72.48,57.78,42.22,61.12,38.88,55.30,44.70
E09000008,Croydon,20.6,10.0,15.1,21.9,18.7,13.6,48.4,17.5,22.6,7.6,3.9,12.8,7.3,9.8,11.7,32.6,5.4,20.6,47.1,3.3,1.4,0.5,4.7,22.5,20.6,48.0,33.8,14.1,3.6,0.4,22.87,18.41,58.72,21.61,19.80,58.60,24.12,16.97,58.90,71.13,28.87,75.69,24.31,66.34,33.66
E09000009,Ealing,19.5,10.9,16.3,23.6,17.5,12.1,43.2,30.3,10.8,5.2,10.6,14.4,6.5,7.5,10.3,35.7,6.1,19.5,46.2,3.5,1.5,0.6,6.0,22.7,19.5,46.0,34.2,15.2,4.3,0.4,21.14,17.22,61.63,21.65,19.83,58.52,20.61,14.66,64.73,65.92,34.08,74.53,25.47,59.05,40.95
E09000010,Enfield,22.1,10.8,13.4,21.6,18.4,13.6,52.1,11.5,18.3,5.9,12.1,17.5,7.3,8.8,10.4,28.3,5.6,22.1,42.2,3.2,1.4,0.5,5.5,25.1,22.1,42.2,35.7,16.7,5.0,0.5,20.71,20.12,59.16,21.95,20.62,57.44,19.27,19.70,61.03,70.59,29.41,71.01,28.99,70.01,29.99
E09000011,Greenwich,20.5,10.7,18.2,23.6,16.5,10.5,55.7,13.2,21.0,6.0,4.2,13.3,6.3,8.2,10.4,36.3,4.9,20.5,47.7,3.6,1.8,0.7,5.2,20.6,20.5,48.2,32.1,14.6,4.7,0.4,17.59,14.04,68.37,18.63,14.12,67.26,16.09,14.31,69.60,65.96,34.04,66.74,33.26,64.01,35.99
E09000012,Hackney,19.2,11.5,24.5,22.3,14.7,7.9,53.1,10.4,21.1,6.7,8.7,13.5,4.9,6.7,9.3,42.3,4.0,19.2,50.4,3.8,1.4,0.6,6.2,18.4,19.2,45.0,32.5,16.0,6.0,0.6,14.78,10.76,74.46,14.73,11.83,73.44,15.15,9.68,75.17,61.83,38.17,64.48,35.52,58.02,41.98
E09000013,Hammersmith and Fulham,15.6,12.9,23.4,21.7,16.1,10.4,63.2,10.5,12.3,6.7,7.3,10.0,4.3,6.2,11.0,48.6,4.3,15.6,51.9,3.6,1.7,0.6,7.2,19.5,15.6,51.4,31.1,13.0,4.1,0.5,10.10,12.57,77.33,10.62,10.59,78.78,9.36,14.87,75.77,49.94,50.06,50.00,50.00,49.52,50.48
E09000014,Haringey,18.3,10.6,18.9,24.2,17.6,10.5,57.0,8.7,17.6,7.0,9.7,15.1,5.6,7.0,9.6,39.5,5.1,18.3,49.2,4.0,1.7,0.5,5.6,20.8,18.3,43.3,33.9,16.8,5.5,0.6,17.56,15.32,67.12,18.69,17.02,64.28,16.16,13.64,70.20,66.28,33.72,66.67,33.33,65.30,34.70
E09000015,Harrow,19.7,10.3,14.9,22.2,17.4,15.4,36.5,45.2,7.3,3.8,7.2,14.0,6.6,8.4,10.1,36.1,5.1,19.7,46.3,2.8,1.6,0.4,5.4,23.7,19.7,48.7,34.5,13.4,3.1,0.3,22.43,18.88,58.69,21.73,21.25,57.01,22.74,16.95,60.31,67.74,32.26,71.39,28.61,64.01,35.99
E09000016,Havering,20.0,9.7,13.8,20.2,18.7,17.6,75.3,10.7,8.2,3.7,2.0,16.0,8.9,11.9,13.0,23.6,6.5,20.0,46.5,2.6,1.1,0.4,3.7,25.8,20.0,47.3,34.5,14.7,3.3,0.2,22.98,18.62,58.40,24.67,19.94,55.39,20.88,17.26,61.86,62.80,37.20,70.67,29.33,54.47,45.53
E09000017,Hillingdon,20.9,11.3,14.5,22.4,17.3,13.5,48.2,33.3,7.8,4.4,6.3,14.4,7.8,9.3,11.7,29.6,6.2,20.9,45.2,3.1,1.5,0.7,5.7,22.9,20.9,45.9,35.0,15.1,3.8,0.3,24.79,19.34,55.87,27.01,22.31,50.68,22.56,16.39,61.05,72.30,27.70,74.55,25.45,69.25,30.75
E09000018,Hounslow,20.6,10.2,15.9,24.6,16.9,11.8,44.1,36.7,7.2,4.7,7.3,14.8,7.5,8.1,9.7,33.0,6.2,20.6,46.7,3.5,1.5,0.6,5.0,22.1,20.6,44.1,35.2,16.0,4.3,0.4,26.20,16.95,56.85,28.79,17.50,53.71,23.82,16.59,59.59,72.71,27.29,77.14,22.86,68.88,31.12
E09000019,Islington,15.2,12.6,25.9,21.4,15.5,9.4,62.2,9.9,13.3,7.5,7.1,11.7,4.7,6.1,10.3,48.0,4.0,15.2,51.3,3.8,1.8,0.8,7.3,19.8,15.2,48.4,30.5,15.1,5.6,0.5,12.79,9.92,77.29,13.32,11.49,75.18,11.42,8.43,80.15,55.91,44.09,59.41,40.59,52.17,47.83
E09000020,Kensington and Chelsea,14.1,12.3,17.5,21.2,20.5,14.4,63.7,11.9,7.9,6.6,9.9,9.7,3.8,6.1,10.8,51.1,4.3,14.1,47.3,3.4,1.1,0.5,8.8,24.6,14.1,52.6,30.3,12.1,4.4,0.6,12.86,13.33,73.81,13.30,13.16,73.54,11.47,13.59,74.94,58.78,41.22,63.53,36.47,54.50,45.50
E09000021,Kingston upon Thames,19.4,11.1,13.8,23.3,17.9,14.5,68.3,17.8,2.8,5.4,5.7,9.6,5.2,7.9,11.8,41.4,4.7,19.4,48.4,2.4,1.7,0.7,6.0,21.4,19.4,55.8,30.9,10.7,2.4,0.2,13.54,15.53,70.93,15.01,16.66,68.33,12.06,13.50,74.44,59.64,40.36,63.39,36.61,56.73,43.27
E09000022,Lambeth,15.3,12.2,25.8,21.8,16.3,8.6,55.0,7.3,24.0,8.1,5.7,11.1,5.1,6.6,10.1,47.6,4.2,15.3,56.0,3.9,1.6,0.7,5.6,17.0,15.3,50.0,31.7,13.8,4.1,0.4,12.05,12.72,75.23,14.38,10.15,75.47,9.37,15.30,75.32,54.46,45.54,56.95,43.05,51.83,48.17
E09000023,Lewisham,19.3,10.4,19.4,24.0,17.3,9.5,51.5,9.0,26.8,8.1,4.7,11.8,5.9,7.8,10.5,40.2,4.5,19.3,50.1,4.0,1.7,0.7,5.3,19.0,19.3,47.2,32.5,15.2,4.7,0.4,14.13,16.36,69.52,15.76,17.47,66.77,12.05,15.40,72.55,66.11,33.89,69.34,30.66,62.47,37.53
E09000024,Merton,19.7,9.0,16.9,24.4,17.3,12.6,60.2,18.6,10.6,5.9,4.6,11.4,5.7,7.7,10.1,40.2,5.2,19.7,50.8,2.8,1.3,0.4,4.4,20.6,19.7,53.9,31.3,11.8,2.8,0.2,15.98,17.63,66.39,16.48,19.10,64.42,15.20,16.06,68.74,61.19,38.81,66.80,33.20,54.88,45.12
E09000025,Newham,21.3,13.1,20.7,23.6,14.1,7.2,30.8,42.2,17.5,4.7,4.9,16.3,7.1,8.0,10.2,31.7,5.4,21.3,44.0,4.0,2.5,1.0,6.9,20.3,21.3,39.3,35.8,18.4,6.1,0.4,27.67,17.08,55.24,25.05,20.35,54.60,30.13,14.04,55.83,69.49,30.51,67.83,32.17,70.48,29.52
E09000026,Redbridge,22.0,11.1,15.0,23.2,16.4,12.2,34.8,47.3,8.4,4.1,5.4,13.5,6.7,8.8,10.7,33.1,5.2,22.0,43.9,3.0,1.7,0.5,5.9,23.0,22.0,46.3,35.0,14.8,3.7,0.3,24.17,18.68,57.15,27.08,22.52,50.39,21.32,15.29,63.39,70.00,30.00,77.17,22.83,64.48,35.52
E09000027,Richmond upon Thames,20.2,8.2,11.3,24.0,20.1,16.1,80.5,8.9,1.9,5.5,3.3,7.3,4.0,7.2,9.6,48.2,3.6,20.2,49.0,2.4,0.9,0.3,4.8,22.4,20.2,61.0,28.1,8.7,2.1,0.2,9.94,11.25,78.81,12.11,11.51,76.37,6.69,11.00,82.31,56.91,43.09,58.93,41.07,55.31,44.69
E09000028,Southwark,16.7,12.6,23.8,22.2,16.3,8.3,51.4,9.9,25.1,7.2,6.3,11.5,5.2,6.5,10.3,45.7,4.1,16.7,52.2,3.8,2.1,0.8,7.0,17.4,16.7,48.5,32.0,14.5,4.6,0.3,13.99,10.79,75.22,17.16,13.78,69.06,10.56,7.24,82.21,58.74,41.26,66.57,33.43,52.22,47.78
E09000029,Sutton,21.0,8.9,13.0,23.4,18.6,15.1,68.3,17.5,5.9,4.8,3.4,12.0,7.3,10.2,12.3,31.4,5.7,21.0,48.7,2.3,1.1,0.3,3.9,22.7,21.0,50.9,33.1,12.7,3.1,0.2,22.47,16.12,61.41,22.89,17.60,59.51,19.87,14.75,65.37,62.95,37.05,65.24,34.76,58.33,41.67
E09000030,Tower Hamlets,18.5,15.2,27.5,22.5,10.7,5.6,39.4,44.4,7.3,5.0,3.9,13.2,5.5,6.9,10.7,41.0,4.1,18.5,47.9,3.8,2.2,1.0,7.8,18.7,18.5,46.4,31.8,15.5,5.9,0.4,20.65,13.93,65.42,23.56,14.04,62.40,18.15,13.63,68.22,66.29,33.71,69.03,30.97,63.84,36.16
E09000031,Waltham Forest,20.2,9.9,18.3,25.0,16.4,10.2,52.8,19.9,15.0,6.5,5.8,14.6,6.8,8.3,10.3,34.4,5.4,20.2,48.7,3.6,1.7,0.5,4.9,20.3,20.2,45.3,33.8,16.1,4.5,0.4,19.06,18.12,62.82,19.59,20.52,59.89,18.09,15.50,66.41,65.85,34.15,73.27,26.73,57.89,42.11
E09000032,Wandsworth,16.5,10.5,26.3,22.8,14.4,9.6,67.8,11.7,10.1,6.3,4.1,8.3,3.9,5.8,9.5,52.3,3.7,16.5,56.9,2.8,1.3,0.5,5.0,17.1,16.5,58.4,27.9,10.5,3.0,0.3,11.58,11.27,77.16,13.85,13.48,72.66,9.33,9.25,81.43,51.05,48.95,53.02,46.98,49.13,50.87
E09000033,Westminster,13.1,13.8,21.6,21.5,17.8,12.1,55.2,16.8,8.1,6.5,13.5,11.2,4.2,6.0,10.8,50.1,4.6,13.1,48.3,3.4,1.5,0.7,9.6,23.3,13.1,50.1,30.4,13.4,5.3,0.7,17.17,15.06,67.77,22.21,12.54,65.25,12.91,16.09,71.00,57.03,42.97,60.74,39.26,57.20,42.80
W06000001,Isle of Anglesey,17.0,8.4,10.2,15.9,22.1,26.4,98.1,0.6,0.2,0.9,0.2,14.9,7.0,12.3,14.4,26.8,7.6,17.0,41.4,2.2,1.0,0.3,3.3,34.9,17.0,47.6,34.1,14.7,3.4,0.1,,,,,,,,,,,,,,,
W06000002,Gwynedd,16.5,12.1,11.2,15.9,21.0,23.2,96.2,1.7,0.4,1.1,0.5,13.6,6.3,12.2,15.6,28.8,6.9,16.5,42.5,2.1,1.7,0.6,6.3,30.3,16.5,49.6,33.3,13.8,3.1,0.1,,,,,,,,,,,,,,,
W06000003,Conwy,16.0,8.1,10.2,15.8,22.5,27.3,96.9,1.4,0.2,1.1,0.3,15.7,7.2,12.1,13.9,27.2,7.8,16.0,41.5,2.2,1.0,0.3,3.2,35.9,16.0,46.1,34.8,15.2,3.7,0.2,,,,,,,,,,,,,,,
W06000004,Denbighshire,17.6,8.9,10.7,16.3,21.8,24.8,96.5,1.7,0.3,1.1,0.4,16.4,7.5,12.5,13.5,25.1,7.5,17.6,41.6,2.0,1.0,0.3,3.3,34.1,17.6,44.8,34.4,16.3,4.2,0.2,,,,,,,,,,,,,,,
W06000005,Flintshire,17.7,8.9,12.0,18.3,21.6,21.4,97.6,0.9,0.2,0.9,0.3,15.1,8.2,12.6,14.7,24.0,7.8,17.7,46.6,1.9,1.1,0.4,2.9,29.5,17.7,48.9,33.5,14.2,3.2,0.1,,,,,,,,,,,,,,,
W06000006,Wrexham,18.4,9.4,12.3,18.9,20.7,20.3,96.0,1.7,0.6,1.2,0.6,17.1,7.8,12.6,13.1,23.7,7.4,18.4,44.5,2.0,1.3,0.4,3.6,29.9,18.4,46.9,33.8,15.2,4.0,0.2,,,,,,,,,,,,,,,
W06000008,Ceredigion,14.1,14.7,9.9,14.2,21.3,25.7,96.2,1.5,0.5,1.2,0.5,12.6,6.3,11.8,18.2,30.3,6.6,14.1,40.2,1.6,2.0,1.0,8.6,32.6,14.1,47.1,35.7,14.2,2.9,0.1,,,,,,,,,,,,,,,
W06000009,Pembrokeshire,16.9,8.5,10.5,15.8,22.2,26.2,97.6,0.9,0.2,0.9,0.3,15.6,7.6,12.6,14.2,25.9,7.3,16.9,41.9,2.0,0.9,0.2,2.9,35.2,16.9,46.0,34.7,15.4,3.6,0.2,,,,,,,,,,,,,,,
W06000010,Carmarthenshire,17.2,8.8,11.0,16.9,21.8,24.2,97.2,1.2,0.2,0.9,0.4,16.6,7.1,12.6,13.3,25.9,7.3,17.2,42.5,1.8,1.1,0.3,3.4,33.6,17.2,45.3,34.1,16.4,4.1,0.1,,,,,,,,,,,,,,,
W06000011,Swansea,17.0,13.0,12.3,17.8,19.4,20.5,91.4,4.4,1.2,1.6,1.4,15.6,6.5,11.5,15.1,27.2,7.0,17.0,40.3,2.0,1.9,0.8,7.0,31.0,17.0,45.5,33.3,16.2,4.9,0.2,,,,,,,,,,,,,,,
W06000012,Neath Port Talbot,17.6,10.4,12.1,17.9,20.8,21.2,96.6,1.6,0.4,1.1,0.3,19.5,7.5,12.2,14.4,21.3,7.5,17.6,40.5,1.9,1.1,0.4,4.4,34.0,17.6,41.4,33.2,19.0,6.2,0.2,,,,,,,,,,,,,,,
W06000013,Bridgend,17.9,9.2,12.8,18.4,21.0,20.7,96.8,1.5,0.3,1.2,0.3,17.9,7.3,12.2,13.4,24.6,6.7,17.9,43.1,2.1,0.9,0.3,3.3,32.5,17.9,45.4,32.8,16.6,5.0,0.1,,,,,,,,,,,,,,,
W06000014,Vale of Glamorgan,18.6,8.7,11.4,18.6,20.7,22.0,94.6,2.1,0.5,2.3,0.5,12.7,6.7,11.7,13.5,30.4,6.4,18.6,44.4,2.0,1.0,0.3,3.5,30.2,18.6,51.0,32.3,13.3,3.2,0.1,,,,,,,,,,,,,,,
W06000015,Cardiff,18.2,16.7,15.5,18.6,16.5,14.5,79.2,9.7,3.8,4.0,3.3,13.4,5.6,9.1,15.7,32.7,5.3,18.2,41.8,2.3,2.5,1.1,9.9,24.2,18.2,48.9,31.7,14.5,4.7,0.3,,,,,,,,,,,,,,,
W06000016,Rhondda Cynon Taf,18.4,10.5,13.0,18.3,20.2,19.6,96.7,1.5,0.4,1.0,0.3,19.7,7.7,12.3,13.7,21.8,6.4,18.4,42.3,2.2,1.2,0.4,4.1,31.3,18.4,42.0,33.1,18.9,5.9,0.2,,,,,,,,,,,,,,,
W06000018,Caerphilly,18.5,9.4,12.7,18.7,20.7,20.1,97.7,0.9,0.2,1.0,0.2,19.7,8.2,12.6,13.7,20.6,6.7,18.5,43.1,2.1,0.9,0.4,3.3,31.7,18.5,42.1,33.3,18.8,5.7,0.2,,,,,,,,,,,,,,,
W06000019,Blaenau Gwent,17.6,9.2,13.5,17.7,21.8,20.2,97.8,0.9,0.2,0.9,0.2,23.0,8.9,12.8,12.9,17.8,7.0,17.6,42.1,2.4,0.9,0.4,3.0,33.7,17.6,38.3,33.3,20.7,7.4,0.2,,,,,,,,,,,,,,,
W06000020,Torfaen,18.6,9.2,13.1,17.6,20.7,20.8,97.1,1.3,0.2,1.1,0.3,18.0,8.3,12.4,13.8,21.8,7.0,18.6,43.1,2.2,1.0,0.3,3.0,31.8,18.6,42.3,34.1,18.0,5.4,0.2,,,,,,,,,,,,,,,
W06000021,Monmouthshire,15.8,8.0,9.9,16.9,23.4,25.9,96.9,1.3,0.2,1.2,0.3,13.2,7.0,11.4,13.1,33.1,6.3,15.8,45.2,1.6,0.9,0.2,3.0,33.2,15.8,51.7,33.2,12.3,2.7,0.1,,,,,,,,,,,,,,,
W06000022,Newport,20.2,9.7,14.8,19.3,19.1,17.0,85.5,7.6,2.3,2.8,1.7,17.4,7.4,11.4,12.5,24.8,6.4,20.2,44.4,2.4,1.2,0.4,3.6,27.8,20.2,45.9,33.0,16.0,4.9,0.3,,,,,,,,,,,,,,,
W06000023,Powys,15.5,8.1,9.9,15.5,23.1,27.9,97.7,0.9,0.2,0.9,0.3,16.0,7.3,12.6,14.4,26.9,7.4,15.5,45.6,1.6,0.8,0.2,2.9,33.5,15.5,48.6,34.7,13.8,2.8,0.1,,,,,,,,,,,,,,,
W06000024,Merthyr Tydfil,19.0,9.7,13.3,18.4,20.7,18.9,97.1,1.5,0.2,0.9,0.4,21.8,7.7,11.7,12.7,20.2,6.8,19.0,42.5,2.2,1.0,0.4,3.4,31.5,19.0,40.2,33.3,19.2,7.0,0.3,,,,,,,,,,,,,,,
